"Species","variable","value","Onto","Model"
"ETMOSPI_juvenile","Depth",0.362875123194119,"juvenile","Presence-Absence"
"ETMOSPI_adult","Depth",0.443455014254038,"adult","Presence-Absence"
"GALUMEL_juvenile","Depth",0.576312433388673,"juvenile","Presence-Absence"
"GALUMEL_adult","Depth",0.432763700575485,"adult","Presence-Absence"
"HELIDAC_juvenile","Depth",0.363015621097416,"juvenile","Presence-Absence"
"HELIDAC_adult","Depth",0.251947518542707,"adult","Presence-Absence"
"LOPHBUD_juvenile","Depth",0.115401884436278,"juvenile","Presence-Absence"
"LOPHBUD_adult","Depth",0.0805957198804835,"adult","Presence-Absence"
"PAGEBOG_juvenile","Depth",0.238218730753654,"juvenile","Presence-Absence"
"PAGEBOG_adult","Depth",0.514100532515958,"adult","Presence-Absence"
"PHYIBLE_juvenile","Depth",0.566057043063915,"juvenile","Presence-Absence"
"PHYIBLE_adult","Depth",0.615573475810636,"adult","Presence-Absence"
"TRACTRA_juvenile","Depth",0.499762346673602,"juvenile","Presence-Absence"
"TRACTRA_adult","Depth",0.213655539208458,"adult","Presence-Absence"
"SCYOCAN_juvenile","Depth",0.135681316352333,"juvenile","Presence-Absence"
"SCYOCAN_adult","Depth",0.079762145463931,"adult","Presence-Absence"
"TORPMAR_juvenile","Depth",0.455956107010824,"juvenile","Presence-Absence"
"BOOPBOO_juvenile","Depth",0.303810714937158,"juvenile","Presence-Absence"
"BOOPBOO_adult","Depth",0.3803648059909,"adult","Presence-Absence"
"MERLMER_juvenile","Depth",0.241481426388271,"juvenile","Presence-Absence"
"MERLMER_adult","Depth",0.043114310455142,"adult","Presence-Absence"
"MULLSUR_juvenile","Depth",0.581927272007124,"juvenile","Presence-Absence"
"MULLSUR_adult","Depth",0.389060482003323,"adult","Presence-Absence"
"PAGEACA_juvenile","Depth",0.202531785082304,"juvenile","Presence-Absence"
"PAGEACA_adult","Depth",0.156230883123908,"adult","Presence-Absence"
"SCOMPNE_juvenile","Depth",0.0716470974744061,"juvenile","Presence-Absence"
"SCOMPNE_adult","Depth",0.0733635499346028,"adult","Presence-Absence"
"MULLBAR_juvenile","Depth",0.431480591595712,"juvenile","Presence-Absence"
"MULLBAR_adult","Depth",0.364183111245496,"adult","Presence-Absence"
"PAGEERY_juvenile","Depth",0.581691092764671,"juvenile","Presence-Absence"
"PAGEERY_adult","Depth",0.607032822063059,"adult","Presence-Absence"
"SPARPAG_juvenile","Depth",0.435037000982557,"juvenile","Presence-Absence"
"SPARPAG_adult","Depth",0.357796282484117,"adult","Presence-Absence"
"TRIPLAS_juvenile","Depth",0.348582186077749,"juvenile","Presence-Absence"
"TRIPLAS_adult","Depth",0.280378889017892,"adult","Presence-Absence"
"ASPICUC_juvenile","Depth",0.340844181589289,"juvenile","Presence-Absence"
"ASPICUC_adult","Depth",0.233435676946054,"adult","Presence-Absence"
"CITHMAC_juvenile","Depth",0.264187709655676,"juvenile","Presence-Absence"
"CITHMAC_adult","Depth",0.229260063947033,"adult","Presence-Absence"
"TRACMED_juvenile","Depth",0.363450114471707,"juvenile","Presence-Absence"
"TRACMED_adult","Depth",0.364278054336839,"adult","Presence-Absence"
"RAJAOXY_adult","Depth",0.116607015079245,"adult","Presence-Absence"
"MICMPOU_juvenile","Depth",0.293604477824873,"juvenile","Presence-Absence"
"MICMPOU_adult","Depth",0.605141410303632,"adult","Presence-Absence"
"ENGRENC_juvenile","Depth",0.224174053870968,"juvenile","Presence-Absence"
"ENGRENC_adult","Depth",0.257852072888948,"adult","Presence-Absence"
"DIPLVUL_adult","Depth",0.341579733770436,"adult","Presence-Absence"
"LEPMBOS_juvenile","Depth",0.250856717339526,"juvenile","Presence-Absence"
"LEPMBOS_adult","Depth",0.150869292604738,"adult","Presence-Absence"
"DIPLANN_juvenile","Depth",0.587140160627489,"juvenile","Presence-Absence"
"DIPLANN_adult","Depth",0.568728293920115,"adult","Presence-Absence"
"SARDPIL_juvenile","Depth",0.166221909663517,"juvenile","Presence-Absence"
"SARDPIL_adult","Depth",0.20293121520532,"adult","Presence-Absence"
"SCYMLIC_adult","Depth",0.55927406845402,"adult","Presence-Absence"
"ZEUSFAB_juvenile","Depth",0.668570980039275,"juvenile","Presence-Absence"
"ZEUSFAB_adult","Depth",0.615071620566613,"adult","Presence-Absence"
"SPICMAE_adult","Depth",0.183751715402785,"adult","Presence-Absence"
"SCOMSCO_juvenile","Depth",0.0863664866840424,"juvenile","Presence-Absence"
"SCOMSCO_adult","Depth",0.179895692417865,"adult","Presence-Absence"
"LOPHPIS_juvenile","Depth",0.0929134661962055,"juvenile","Presence-Absence"
"LOPHPIS_adult","Depth",0.151499365709122,"adult","Presence-Absence"
"TRIGLUC_juvenile","Depth",0.584043884481869,"juvenile","Presence-Absence"
"TRIGLUC_adult","Depth",0.599775033134421,"adult","Presence-Absence"
"TRISCAP_juvenile","Depth",0.246775374366268,"juvenile","Presence-Absence"
"TRISCAP_adult","Depth",0.101125060380041,"adult","Presence-Absence"
"SPICFLE_juvenile","Depth",0.372352914395893,"juvenile","Presence-Absence"
"SPICFLE_adult","Depth",0.458719474380796,"adult","Presence-Absence"
"SPICSMA_juvenile","Depth",0.51147971003104,"juvenile","Presence-Absence"
"SPICSMA_adult","Depth",0.192831105977713,"adult","Presence-Absence"
"SOLEVUL_juvenile","Depth",0.745426308258109,"juvenile","Presence-Absence"
"SOLEVUL_adult","Depth",0.774231659759135,"adult","Presence-Absence"
"RAJACLA_juvenile","Depth",0.0802054713980021,"juvenile","Presence-Absence"
"RAJACLA_adult","Depth",0.0525952342728333,"adult","Presence-Absence"
"ARNOLAT_adult","Depth",0.116013873772279,"adult","Presence-Absence"
"BLENOCE_juvenile","Depth",0.304685315452611,"juvenile","Presence-Absence"
"CAPOAPE_juvenile","Depth",0.0367227720821553,"juvenile","Presence-Absence"
"CAPOAPE_adult","Depth",0.0353105545915548,"adult","Presence-Absence"
"CEPOMAC_adult","Depth",0.159758753750482,"adult","Presence-Absence"
"CONGCON_adult","Depth",0.0192347297615199,"adult","Presence-Absence"
"GOBIQUA_adult","Depth",0.1921522828857,"adult","Presence-Absence"
"LEPTCAV_juvenile","Depth",0.345890424972256,"juvenile","Presence-Absence"
"LEPTCAV_adult","Depth",0.222251718896483,"adult","Presence-Absence"
"SERAHEP_juvenile","Depth",0.133942059219551,"juvenile","Presence-Absence"
"SERAHEP_adult","Depth",0.111256188504469,"adult","Presence-Absence"
"TRAHDRA_adult","Depth",0.163693763893807,"adult","Presence-Absence"
"URANSCA_adult","Depth",0.410600764540845,"adult","Presence-Absence"
"ARNORUP_adult","Depth",0.183756889788195,"adult","Presence-Absence"
"ARNOTHO_juvenile","Depth",0.140516919147875,"juvenile","Presence-Absence"
"GADIARG_adult","Depth",0.110617005106511,"adult","Presence-Absence"
"LEPICAU_adult","Depth",0.11455254319269,"adult","Presence-Absence"
"MACOSCO_adult","Depth",0.105256072491404,"adult","Presence-Absence"
"SERACAB_juvenile","Depth",0.150328897068841,"juvenile","Presence-Absence"
"SERACAB_adult","Depth",0.124486681990805,"adult","Presence-Absence"
"SCORNOT_adult","Depth",0.124740767183767,"adult","Presence-Absence"
"ARGRHEM_adult","Depth",0.274068014738439,"adult","Presence-Absence"
"LAMACRO_juvenile","Depth",0.250585300512467,"juvenile","Presence-Absence"
"LAMACRO_adult","Depth",0.297255261866943,"adult","Presence-Absence"
"NEZUAEQ_juvenile","Depth",0.283338554365693,"juvenile","Presence-Absence"
"COELCOE_juvenile","Depth",0.143194338251473,"juvenile","Presence-Absence"
"HYMEITA_adult","Depth",0.378545496807495,"adult","Presence-Absence"
"CALMPHA_juvenile","Depth",0.0588205910695986,"juvenile","Presence-Absence"
"CALMPHA_adult","Depth",0.0346608189428646,"adult","Presence-Absence"
"RAJAAST_adult","Depth",0.581629580217019,"adult","Presence-Absence"
"TRIGLYR_juvenile","Depth",0.0838521330326973,"juvenile","Presence-Absence"
"SCORSCO_adult","Depth",0.15029372669035,"adult","Presence-Absence"
"RAJAMIR_juvenile","Depth",0.148733924438122,"juvenile","Presence-Absence"
"RAJAPOL_juvenile","Depth",0.0930806835537293,"juvenile","Presence-Absence"
"RAJAPOL_adult","Depth",0.101898821183235,"adult","Presence-Absence"
"EUTRGUR_juvenile","Depth",0.0731196043400295,"juvenile","Presence-Absence"
"EUTRGUR_adult","Depth",0.0654005301720536,"adult","Presence-Absence"
"SQUABLA_juvenile","Depth",0.0496875704926203,"juvenile","Presence-Absence"
"SQUABLA_adult","Depth",0.0904523082404711,"adult","Presence-Absence"
"RAJABRA_juvenile","Depth",0.0720646317175201,"juvenile","Presence-Absence"
"SPRASPR_adult","Depth",0.0898856057964431,"adult","Presence-Absence"
"DIAPMET_adult","Depth",0.535852261392091,"adult","Presence-Absence"
"GONODEN_adult","Depth",0.201925849670519,"adult","Presence-Absence"
"ETMOSPI_juvenile","Temperature",0.00673830139416566,"juvenile","Presence-Absence"
"ETMOSPI_adult","Temperature",0.00921900608991278,"adult","Presence-Absence"
"GALUMEL_juvenile","Temperature",0.0255784370377272,"juvenile","Presence-Absence"
"GALUMEL_adult","Temperature",0.0106491795833412,"adult","Presence-Absence"
"HELIDAC_juvenile","Temperature",0.0132250662872198,"juvenile","Presence-Absence"
"HELIDAC_adult","Temperature",0.00965638837054665,"adult","Presence-Absence"
"LOPHBUD_juvenile","Temperature",0.0880059588122881,"juvenile","Presence-Absence"
"LOPHBUD_adult","Temperature",0.312401743713631,"adult","Presence-Absence"
"PAGEBOG_juvenile","Temperature",0.0229775907632749,"juvenile","Presence-Absence"
"PAGEBOG_adult","Temperature",0.149280594292587,"adult","Presence-Absence"
"PHYIBLE_juvenile","Temperature",0.0111645722623542,"juvenile","Presence-Absence"
"PHYIBLE_adult","Temperature",0.0200365824006033,"adult","Presence-Absence"
"TRACTRA_juvenile","Temperature",0.0352516668059628,"juvenile","Presence-Absence"
"TRACTRA_adult","Temperature",0.0266709850925735,"adult","Presence-Absence"
"SCYOCAN_juvenile","Temperature",0.0223948521796714,"juvenile","Presence-Absence"
"SCYOCAN_adult","Temperature",0.0212218972478741,"adult","Presence-Absence"
"TORPMAR_juvenile","Temperature",0.011270660307483,"juvenile","Presence-Absence"
"BOOPBOO_juvenile","Temperature",0.00213176945636825,"juvenile","Presence-Absence"
"BOOPBOO_adult","Temperature",0.00599587410262999,"adult","Presence-Absence"
"MERLMER_juvenile","Temperature",0.0157853397056084,"juvenile","Presence-Absence"
"MERLMER_adult","Temperature",0.0514106149815168,"adult","Presence-Absence"
"MULLSUR_juvenile","Temperature",0.057857491181531,"juvenile","Presence-Absence"
"MULLSUR_adult","Temperature",0.00705213762948272,"adult","Presence-Absence"
"PAGEACA_juvenile","Temperature",0.0109534031108558,"juvenile","Presence-Absence"
"PAGEACA_adult","Temperature",0.0185885330320014,"adult","Presence-Absence"
"SCOMPNE_juvenile","Temperature",0.00288536599337424,"juvenile","Presence-Absence"
"SCOMPNE_adult","Temperature",0.0118930844748696,"adult","Presence-Absence"
"MULLBAR_juvenile","Temperature",0.0100553089023054,"juvenile","Presence-Absence"
"MULLBAR_adult","Temperature",0.00893546336017976,"adult","Presence-Absence"
"PAGEERY_juvenile","Temperature",0.00704054923749481,"juvenile","Presence-Absence"
"PAGEERY_adult","Temperature",0.00659265405491317,"adult","Presence-Absence"
"SPARPAG_juvenile","Temperature",0.00623456245499566,"juvenile","Presence-Absence"
"SPARPAG_adult","Temperature",0.0188135816764368,"adult","Presence-Absence"
"TRIPLAS_juvenile","Temperature",0.00338362725148582,"juvenile","Presence-Absence"
"TRIPLAS_adult","Temperature",0.0067653329668934,"adult","Presence-Absence"
"ASPICUC_juvenile","Temperature",0.0481874991414585,"juvenile","Presence-Absence"
"ASPICUC_adult","Temperature",0.0305537600344965,"adult","Presence-Absence"
"CITHMAC_juvenile","Temperature",0.00264051880180277,"juvenile","Presence-Absence"
"CITHMAC_adult","Temperature",0.0121232078262926,"adult","Presence-Absence"
"TRACMED_juvenile","Temperature",0.00429159977326914,"juvenile","Presence-Absence"
"TRACMED_adult","Temperature",0.0279164109904909,"adult","Presence-Absence"
"RAJAOXY_adult","Temperature",0.00522991239978407,"adult","Presence-Absence"
"MICMPOU_juvenile","Temperature",0.0545845444237394,"juvenile","Presence-Absence"
"MICMPOU_adult","Temperature",0.0119830208244892,"adult","Presence-Absence"
"ENGRENC_juvenile","Temperature",0.00244471668261391,"juvenile","Presence-Absence"
"ENGRENC_adult","Temperature",0.00559338117725171,"adult","Presence-Absence"
"DIPLVUL_adult","Temperature",0.00198168601228578,"adult","Presence-Absence"
"LEPMBOS_juvenile","Temperature",0.00558712778879395,"juvenile","Presence-Absence"
"LEPMBOS_adult","Temperature",0.0185256789954845,"adult","Presence-Absence"
"DIPLANN_juvenile","Temperature",0.00772758599969977,"juvenile","Presence-Absence"
"DIPLANN_adult","Temperature",0.00259257370508548,"adult","Presence-Absence"
"SARDPIL_juvenile","Temperature",0.00412209194914072,"juvenile","Presence-Absence"
"SARDPIL_adult","Temperature",0.00516240290923212,"adult","Presence-Absence"
"SCYMLIC_adult","Temperature",0.0212853521008694,"adult","Presence-Absence"
"ZEUSFAB_juvenile","Temperature",0.00288708384767133,"juvenile","Presence-Absence"
"ZEUSFAB_adult","Temperature",0.00705793271064193,"adult","Presence-Absence"
"SPICMAE_adult","Temperature",0.00429123259634906,"adult","Presence-Absence"
"SCOMSCO_juvenile","Temperature",0.0106507140497099,"juvenile","Presence-Absence"
"SCOMSCO_adult","Temperature",0.0279891400296906,"adult","Presence-Absence"
"LOPHPIS_juvenile","Temperature",0.150512958307396,"juvenile","Presence-Absence"
"LOPHPIS_adult","Temperature",0.095137807316524,"adult","Presence-Absence"
"TRIGLUC_juvenile","Temperature",0.0293265304641189,"juvenile","Presence-Absence"
"TRIGLUC_adult","Temperature",0.0166801402564967,"adult","Presence-Absence"
"TRISCAP_juvenile","Temperature",0.0245841716485629,"juvenile","Presence-Absence"
"TRISCAP_adult","Temperature",0.0256993596212576,"adult","Presence-Absence"
"SPICFLE_juvenile","Temperature",0.00972197522332911,"juvenile","Presence-Absence"
"SPICFLE_adult","Temperature",0.0129278158460963,"adult","Presence-Absence"
"SPICSMA_juvenile","Temperature",0.0163334297356644,"juvenile","Presence-Absence"
"SPICSMA_adult","Temperature",0.00586729079018962,"adult","Presence-Absence"
"SOLEVUL_juvenile","Temperature",0.0083463013900913,"juvenile","Presence-Absence"
"SOLEVUL_adult","Temperature",0.00190512002328667,"adult","Presence-Absence"
"RAJACLA_juvenile","Temperature",0.00755887983379375,"juvenile","Presence-Absence"
"RAJACLA_adult","Temperature",0.0127800387782821,"adult","Presence-Absence"
"ARNOLAT_adult","Temperature",0.0226343675868692,"adult","Presence-Absence"
"BLENOCE_juvenile","Temperature",0.0136041756414799,"juvenile","Presence-Absence"
"CAPOAPE_juvenile","Temperature",0.0262963576816482,"juvenile","Presence-Absence"
"CAPOAPE_adult","Temperature",0.0276000948928427,"adult","Presence-Absence"
"CEPOMAC_adult","Temperature",0.0310779411522899,"adult","Presence-Absence"
"CONGCON_adult","Temperature",0.0175094347627327,"adult","Presence-Absence"
"GOBIQUA_adult","Temperature",0.0146260145375694,"adult","Presence-Absence"
"LEPTCAV_juvenile","Temperature",0.0178564828636671,"juvenile","Presence-Absence"
"LEPTCAV_adult","Temperature",0.0150556882915759,"adult","Presence-Absence"
"SERAHEP_juvenile","Temperature",0.0131978991394298,"juvenile","Presence-Absence"
"SERAHEP_adult","Temperature",0.0146087976029835,"adult","Presence-Absence"
"TRAHDRA_adult","Temperature",0.0103654601005685,"adult","Presence-Absence"
"URANSCA_adult","Temperature",0.0128915483644999,"adult","Presence-Absence"
"ARNORUP_adult","Temperature",0.0390711740046282,"adult","Presence-Absence"
"ARNOTHO_juvenile","Temperature",0.00654012189799884,"juvenile","Presence-Absence"
"GADIARG_adult","Temperature",0.027052882531529,"adult","Presence-Absence"
"LEPICAU_adult","Temperature",0.0323598096448731,"adult","Presence-Absence"
"MACOSCO_adult","Temperature",0.0321651008252853,"adult","Presence-Absence"
"SERACAB_juvenile","Temperature",0.00655684262319558,"juvenile","Presence-Absence"
"SERACAB_adult","Temperature",0.00465745171015899,"adult","Presence-Absence"
"SCORNOT_adult","Temperature",0.0133446348362775,"adult","Presence-Absence"
"ARGRHEM_adult","Temperature",0.0681805078157109,"adult","Presence-Absence"
"LAMACRO_juvenile","Temperature",0.0138575409619344,"juvenile","Presence-Absence"
"LAMACRO_adult","Temperature",0.0160933500698074,"adult","Presence-Absence"
"NEZUAEQ_juvenile","Temperature",0.0325591569781615,"juvenile","Presence-Absence"
"COELCOE_juvenile","Temperature",0.0256874979281176,"juvenile","Presence-Absence"
"HYMEITA_adult","Temperature",0.0319140335686895,"adult","Presence-Absence"
"CALMPHA_juvenile","Temperature",0.0138137229436008,"juvenile","Presence-Absence"
"CALMPHA_adult","Temperature",0.010005252546569,"adult","Presence-Absence"
"RAJAAST_adult","Temperature",0.0429329823782767,"adult","Presence-Absence"
"TRIGLYR_juvenile","Temperature",0.0622997179141281,"juvenile","Presence-Absence"
"SCORSCO_adult","Temperature",0.00222952799880457,"adult","Presence-Absence"
"RAJAMIR_juvenile","Temperature",0.00210963753458338,"juvenile","Presence-Absence"
"RAJAPOL_juvenile","Temperature",0.0105808530796716,"juvenile","Presence-Absence"
"RAJAPOL_adult","Temperature",0.0132028221757535,"adult","Presence-Absence"
"EUTRGUR_juvenile","Temperature",0.000653819412131104,"juvenile","Presence-Absence"
"EUTRGUR_adult","Temperature",0.00142269624350681,"adult","Presence-Absence"
"SQUABLA_juvenile","Temperature",0.00639400648624085,"juvenile","Presence-Absence"
"SQUABLA_adult","Temperature",0.0120800124111116,"adult","Presence-Absence"
"RAJABRA_juvenile","Temperature",0.026533139311132,"juvenile","Presence-Absence"
"SPRASPR_adult","Temperature",0.00379097337783044,"adult","Presence-Absence"
"DIAPMET_adult","Temperature",0.0110949136229414,"adult","Presence-Absence"
"GONODEN_adult","Temperature",0.00914280590792454,"adult","Presence-Absence"
"ETMOSPI_juvenile","Salinity",0.000744097166447443,"juvenile","Presence-Absence"
"ETMOSPI_adult","Salinity",0.00161925837060221,"adult","Presence-Absence"
"GALUMEL_juvenile","Salinity",0.000203624993419124,"juvenile","Presence-Absence"
"GALUMEL_adult","Salinity",0.000451820100598937,"adult","Presence-Absence"
"HELIDAC_juvenile","Salinity",0.00332596755299693,"juvenile","Presence-Absence"
"HELIDAC_adult","Salinity",0.00414450326513712,"adult","Presence-Absence"
"LOPHBUD_juvenile","Salinity",0.00073707415400866,"juvenile","Presence-Absence"
"LOPHBUD_adult","Salinity",0.00182532847804294,"adult","Presence-Absence"
"PAGEBOG_juvenile","Salinity",0.00296254389587813,"juvenile","Presence-Absence"
"PAGEBOG_adult","Salinity",0.00253126034785066,"adult","Presence-Absence"
"PHYIBLE_juvenile","Salinity",0.00815167507736797,"juvenile","Presence-Absence"
"PHYIBLE_adult","Salinity",0.00697411042235313,"adult","Presence-Absence"
"TRACTRA_juvenile","Salinity",0.0013567608027893,"juvenile","Presence-Absence"
"TRACTRA_adult","Salinity",0.00517102086779281,"adult","Presence-Absence"
"SCYOCAN_juvenile","Salinity",0.00091340818256862,"juvenile","Presence-Absence"
"SCYOCAN_adult","Salinity",0.00147408009772824,"adult","Presence-Absence"
"TORPMAR_juvenile","Salinity",0.00993281738970104,"juvenile","Presence-Absence"
"BOOPBOO_juvenile","Salinity",0.00129660908206813,"juvenile","Presence-Absence"
"BOOPBOO_adult","Salinity",0.000454171379421871,"adult","Presence-Absence"
"MERLMER_juvenile","Salinity",0.000144987647801483,"juvenile","Presence-Absence"
"MERLMER_adult","Salinity",0.000967999286224683,"adult","Presence-Absence"
"MULLSUR_juvenile","Salinity",0.0306233818121661,"juvenile","Presence-Absence"
"MULLSUR_adult","Salinity",0.00169646675780873,"adult","Presence-Absence"
"PAGEACA_juvenile","Salinity",0.00540229304204155,"juvenile","Presence-Absence"
"PAGEACA_adult","Salinity",0.00307784706173683,"adult","Presence-Absence"
"SCOMPNE_juvenile","Salinity",0.000540039766219923,"juvenile","Presence-Absence"
"SCOMPNE_adult","Salinity",0.000332967309968911,"adult","Presence-Absence"
"MULLBAR_juvenile","Salinity",0.00185837869593075,"juvenile","Presence-Absence"
"MULLBAR_adult","Salinity",8.64797563625905e-05,"adult","Presence-Absence"
"PAGEERY_juvenile","Salinity",0.00221302507969808,"juvenile","Presence-Absence"
"PAGEERY_adult","Salinity",0.00564598725667905,"adult","Presence-Absence"
"SPARPAG_juvenile","Salinity",0.00203678597122652,"juvenile","Presence-Absence"
"SPARPAG_adult","Salinity",0.00524121687124426,"adult","Presence-Absence"
"TRIPLAS_juvenile","Salinity",0.00152853870363122,"juvenile","Presence-Absence"
"TRIPLAS_adult","Salinity",0.0015326574624695,"adult","Presence-Absence"
"ASPICUC_juvenile","Salinity",0.000513625536364751,"juvenile","Presence-Absence"
"ASPICUC_adult","Salinity",0.000481681929638514,"adult","Presence-Absence"
"CITHMAC_juvenile","Salinity",0.000663896164526244,"juvenile","Presence-Absence"
"CITHMAC_adult","Salinity",0.000988359173917335,"adult","Presence-Absence"
"TRACMED_juvenile","Salinity",0.00123351252038324,"juvenile","Presence-Absence"
"TRACMED_adult","Salinity",0.00230939189434522,"adult","Presence-Absence"
"RAJAOXY_adult","Salinity",0.0018491313509489,"adult","Presence-Absence"
"MICMPOU_juvenile","Salinity",0.00364614771071869,"juvenile","Presence-Absence"
"MICMPOU_adult","Salinity",0.00798820230941142,"adult","Presence-Absence"
"ENGRENC_juvenile","Salinity",0.0034019603018651,"juvenile","Presence-Absence"
"ENGRENC_adult","Salinity",0.000262869058342809,"adult","Presence-Absence"
"DIPLVUL_adult","Salinity",0.00296889590871946,"adult","Presence-Absence"
"LEPMBOS_juvenile","Salinity",0.00976880439091604,"juvenile","Presence-Absence"
"LEPMBOS_adult","Salinity",0.00708782897534573,"adult","Presence-Absence"
"DIPLANN_juvenile","Salinity",0.0147711448266452,"juvenile","Presence-Absence"
"DIPLANN_adult","Salinity",0.00739681207268042,"adult","Presence-Absence"
"SARDPIL_juvenile","Salinity",0.00287799951381593,"juvenile","Presence-Absence"
"SARDPIL_adult","Salinity",0.000607992239136251,"adult","Presence-Absence"
"SCYMLIC_adult","Salinity",0.000939675310963469,"adult","Presence-Absence"
"ZEUSFAB_juvenile","Salinity",0.000366697573842062,"juvenile","Presence-Absence"
"ZEUSFAB_adult","Salinity",0.000825445325953853,"adult","Presence-Absence"
"SPICMAE_adult","Salinity",0.000712197851912216,"adult","Presence-Absence"
"SCOMSCO_juvenile","Salinity",0.00338878513849751,"juvenile","Presence-Absence"
"SCOMSCO_adult","Salinity",0.00179965354252846,"adult","Presence-Absence"
"LOPHPIS_juvenile","Salinity",0.0290805853145462,"juvenile","Presence-Absence"
"LOPHPIS_adult","Salinity",0.0378915165268156,"adult","Presence-Absence"
"TRIGLUC_juvenile","Salinity",0.00605490803679993,"juvenile","Presence-Absence"
"TRIGLUC_adult","Salinity",0.0112968378233291,"adult","Presence-Absence"
"TRISCAP_juvenile","Salinity",0.0030497517036432,"juvenile","Presence-Absence"
"TRISCAP_adult","Salinity",0.00116183164769337,"adult","Presence-Absence"
"SPICFLE_juvenile","Salinity",0.00297218008789393,"juvenile","Presence-Absence"
"SPICFLE_adult","Salinity",0.0130293002979521,"adult","Presence-Absence"
"SPICSMA_juvenile","Salinity",0.00391635730498697,"juvenile","Presence-Absence"
"SPICSMA_adult","Salinity",0.0110341457043345,"adult","Presence-Absence"
"SOLEVUL_juvenile","Salinity",0.000777891782255847,"juvenile","Presence-Absence"
"SOLEVUL_adult","Salinity",0.000481590172850159,"adult","Presence-Absence"
"RAJACLA_juvenile","Salinity",0.000421705748650556,"juvenile","Presence-Absence"
"RAJACLA_adult","Salinity",0.000242635719210093,"adult","Presence-Absence"
"ARNOLAT_adult","Salinity",0.00111627730800901,"adult","Presence-Absence"
"BLENOCE_juvenile","Salinity",0.000509923880096877,"juvenile","Presence-Absence"
"CAPOAPE_juvenile","Salinity",0.000596235029548423,"juvenile","Presence-Absence"
"CAPOAPE_adult","Salinity",0.000359616233519507,"adult","Presence-Absence"
"CEPOMAC_adult","Salinity",0.00076117856247861,"adult","Presence-Absence"
"CONGCON_adult","Salinity",0.000620630359193805,"adult","Presence-Absence"
"GOBIQUA_adult","Salinity",0.000437955369128758,"adult","Presence-Absence"
"LEPTCAV_juvenile","Salinity",0.000514427867659636,"juvenile","Presence-Absence"
"LEPTCAV_adult","Salinity",0.000520689743004346,"adult","Presence-Absence"
"SERAHEP_juvenile","Salinity",0.000213640312190399,"juvenile","Presence-Absence"
"SERAHEP_adult","Salinity",0.000184815283740961,"adult","Presence-Absence"
"TRAHDRA_adult","Salinity",0.000272055484063042,"adult","Presence-Absence"
"URANSCA_adult","Salinity",0.00141341995052779,"adult","Presence-Absence"
"ARNORUP_adult","Salinity",0.00148030041131843,"adult","Presence-Absence"
"ARNOTHO_juvenile","Salinity",0.000524895103008772,"juvenile","Presence-Absence"
"GADIARG_adult","Salinity",0.00266392393955273,"adult","Presence-Absence"
"LEPICAU_adult","Salinity",0.00214202182991566,"adult","Presence-Absence"
"MACOSCO_adult","Salinity",0.00059467813300472,"adult","Presence-Absence"
"SERACAB_juvenile","Salinity",0.000189282465596279,"juvenile","Presence-Absence"
"SERACAB_adult","Salinity",0.000125172039960347,"adult","Presence-Absence"
"SCORNOT_adult","Salinity",0.000714248790961164,"adult","Presence-Absence"
"ARGRHEM_adult","Salinity",0.00524943066843581,"adult","Presence-Absence"
"LAMACRO_juvenile","Salinity",0.00067916954150148,"juvenile","Presence-Absence"
"LAMACRO_adult","Salinity",0.000829657976995276,"adult","Presence-Absence"
"NEZUAEQ_juvenile","Salinity",0.0010988444865399,"juvenile","Presence-Absence"
"COELCOE_juvenile","Salinity",0.00190238547694217,"juvenile","Presence-Absence"
"HYMEITA_adult","Salinity",0.000741709218040951,"adult","Presence-Absence"
"CALMPHA_juvenile","Salinity",0.00580892315367812,"juvenile","Presence-Absence"
"CALMPHA_adult","Salinity",0.00383568366958001,"adult","Presence-Absence"
"RAJAAST_adult","Salinity",0.00767937309165721,"adult","Presence-Absence"
"TRIGLYR_juvenile","Salinity",0.0051029686042289,"juvenile","Presence-Absence"
"SCORSCO_adult","Salinity",0.00189895215587688,"adult","Presence-Absence"
"RAJAMIR_juvenile","Salinity",0.000891408684797315,"juvenile","Presence-Absence"
"RAJAPOL_juvenile","Salinity",0.0025978100212604,"juvenile","Presence-Absence"
"RAJAPOL_adult","Salinity",0.0022840866119725,"adult","Presence-Absence"
"EUTRGUR_juvenile","Salinity",0.00828243134198216,"juvenile","Presence-Absence"
"EUTRGUR_adult","Salinity",0.0074064750496865,"adult","Presence-Absence"
"SQUABLA_juvenile","Salinity",0.000527405846840813,"juvenile","Presence-Absence"
"SQUABLA_adult","Salinity",0.00100510519577036,"adult","Presence-Absence"
"RAJABRA_juvenile","Salinity",0.00444220878931067,"juvenile","Presence-Absence"
"SPRASPR_adult","Salinity",0.000288725927212956,"adult","Presence-Absence"
"DIAPMET_adult","Salinity",0.00304540461350573,"adult","Presence-Absence"
"GONODEN_adult","Salinity",0.00168471428726735,"adult","Presence-Absence"
"ETMOSPI_juvenile","Chlorophyll a",0.00218666413362007,"juvenile","Presence-Absence"
"ETMOSPI_adult","Chlorophyll a",0.0041004936459996,"adult","Presence-Absence"
"GALUMEL_juvenile","Chlorophyll a",0.00483243109779374,"juvenile","Presence-Absence"
"GALUMEL_adult","Chlorophyll a",0.0117193797583786,"adult","Presence-Absence"
"HELIDAC_juvenile","Chlorophyll a",0.000417669295670696,"juvenile","Presence-Absence"
"HELIDAC_adult","Chlorophyll a",0.000347879814153852,"adult","Presence-Absence"
"LOPHBUD_juvenile","Chlorophyll a",0.00258476339079851,"juvenile","Presence-Absence"
"LOPHBUD_adult","Chlorophyll a",0.0347063389203523,"adult","Presence-Absence"
"PAGEBOG_juvenile","Chlorophyll a",0.00776848872241608,"juvenile","Presence-Absence"
"PAGEBOG_adult","Chlorophyll a",0.0186932234312582,"adult","Presence-Absence"
"PHYIBLE_juvenile","Chlorophyll a",0.00337204711773497,"juvenile","Presence-Absence"
"PHYIBLE_adult","Chlorophyll a",0.00158148816234709,"adult","Presence-Absence"
"TRACTRA_juvenile","Chlorophyll a",0.000295480367746978,"juvenile","Presence-Absence"
"TRACTRA_adult","Chlorophyll a",0.00287008044096704,"adult","Presence-Absence"
"SCYOCAN_juvenile","Chlorophyll a",0.00623706619142501,"juvenile","Presence-Absence"
"SCYOCAN_adult","Chlorophyll a",0.00177240342175958,"adult","Presence-Absence"
"TORPMAR_juvenile","Chlorophyll a",0.00196044772221975,"juvenile","Presence-Absence"
"BOOPBOO_juvenile","Chlorophyll a",0.000330117209016316,"juvenile","Presence-Absence"
"BOOPBOO_adult","Chlorophyll a",0.00082895764306776,"adult","Presence-Absence"
"MERLMER_juvenile","Chlorophyll a",0.000435653066373087,"juvenile","Presence-Absence"
"MERLMER_adult","Chlorophyll a",0.00076621657151134,"adult","Presence-Absence"
"MULLSUR_juvenile","Chlorophyll a",0.00441237161294833,"juvenile","Presence-Absence"
"MULLSUR_adult","Chlorophyll a",0.00444759643328004,"adult","Presence-Absence"
"PAGEACA_juvenile","Chlorophyll a",0.00121815204251676,"juvenile","Presence-Absence"
"PAGEACA_adult","Chlorophyll a",0.0260352792601758,"adult","Presence-Absence"
"SCOMPNE_juvenile","Chlorophyll a",0.0010262347771847,"juvenile","Presence-Absence"
"SCOMPNE_adult","Chlorophyll a",0.00573681419014517,"adult","Presence-Absence"
"MULLBAR_juvenile","Chlorophyll a",0.00032378449335177,"juvenile","Presence-Absence"
"MULLBAR_adult","Chlorophyll a",0.00120363417534466,"adult","Presence-Absence"
"PAGEERY_juvenile","Chlorophyll a",0.000819425291615985,"juvenile","Presence-Absence"
"PAGEERY_adult","Chlorophyll a",0.00158924299068297,"adult","Presence-Absence"
"SPARPAG_juvenile","Chlorophyll a",0.002163673494092,"juvenile","Presence-Absence"
"SPARPAG_adult","Chlorophyll a",0.00227185963644712,"adult","Presence-Absence"
"TRIPLAS_juvenile","Chlorophyll a",0.00453640553233807,"juvenile","Presence-Absence"
"TRIPLAS_adult","Chlorophyll a",0.0065649007554388,"adult","Presence-Absence"
"ASPICUC_juvenile","Chlorophyll a",0.00104002196291023,"juvenile","Presence-Absence"
"ASPICUC_adult","Chlorophyll a",0.00122619459924537,"adult","Presence-Absence"
"CITHMAC_juvenile","Chlorophyll a",0.00217430308115396,"juvenile","Presence-Absence"
"CITHMAC_adult","Chlorophyll a",0.000373876675932626,"adult","Presence-Absence"
"TRACMED_juvenile","Chlorophyll a",0.000326505699928159,"juvenile","Presence-Absence"
"TRACMED_adult","Chlorophyll a",0.011703437451622,"adult","Presence-Absence"
"RAJAOXY_adult","Chlorophyll a",0.0177270256445564,"adult","Presence-Absence"
"MICMPOU_juvenile","Chlorophyll a",0.00577429892772372,"juvenile","Presence-Absence"
"MICMPOU_adult","Chlorophyll a",0.000908278490354056,"adult","Presence-Absence"
"ENGRENC_juvenile","Chlorophyll a",0.0021896409447385,"juvenile","Presence-Absence"
"ENGRENC_adult","Chlorophyll a",9.22257051738269e-05,"adult","Presence-Absence"
"DIPLVUL_adult","Chlorophyll a",0.000464329256734622,"adult","Presence-Absence"
"LEPMBOS_juvenile","Chlorophyll a",0.00788476162872556,"juvenile","Presence-Absence"
"LEPMBOS_adult","Chlorophyll a",0.00915940671274824,"adult","Presence-Absence"
"DIPLANN_juvenile","Chlorophyll a",0.000527132146191644,"juvenile","Presence-Absence"
"DIPLANN_adult","Chlorophyll a",0.000269026166766269,"adult","Presence-Absence"
"SARDPIL_juvenile","Chlorophyll a",0.00221667213311678,"juvenile","Presence-Absence"
"SARDPIL_adult","Chlorophyll a",0.00214103089309246,"adult","Presence-Absence"
"SCYMLIC_adult","Chlorophyll a",0.00341584273245544,"adult","Presence-Absence"
"ZEUSFAB_juvenile","Chlorophyll a",0.0190035899252414,"juvenile","Presence-Absence"
"ZEUSFAB_adult","Chlorophyll a",0.0102825898254362,"adult","Presence-Absence"
"SPICMAE_adult","Chlorophyll a",0.00121548925878533,"adult","Presence-Absence"
"SCOMSCO_juvenile","Chlorophyll a",0.00696046027125042,"juvenile","Presence-Absence"
"SCOMSCO_adult","Chlorophyll a",0.00524599553209434,"adult","Presence-Absence"
"LOPHPIS_juvenile","Chlorophyll a",0.00625001824703108,"juvenile","Presence-Absence"
"LOPHPIS_adult","Chlorophyll a",0.0230989100715198,"adult","Presence-Absence"
"TRIGLUC_juvenile","Chlorophyll a",0.00483266059052691,"juvenile","Presence-Absence"
"TRIGLUC_adult","Chlorophyll a",0.0100847735595491,"adult","Presence-Absence"
"TRISCAP_juvenile","Chlorophyll a",0.000577215918942416,"juvenile","Presence-Absence"
"TRISCAP_adult","Chlorophyll a",0.000520076774208176,"adult","Presence-Absence"
"SPICFLE_juvenile","Chlorophyll a",0.016499388727028,"juvenile","Presence-Absence"
"SPICFLE_adult","Chlorophyll a",0.0170813884769082,"adult","Presence-Absence"
"SPICSMA_juvenile","Chlorophyll a",0.0314846829873643,"juvenile","Presence-Absence"
"SPICSMA_adult","Chlorophyll a",0.0289709869480445,"adult","Presence-Absence"
"SOLEVUL_juvenile","Chlorophyll a",0.000942633480090839,"juvenile","Presence-Absence"
"SOLEVUL_adult","Chlorophyll a",0.00115460226110744,"adult","Presence-Absence"
"RAJACLA_juvenile","Chlorophyll a",0.000718382075060372,"juvenile","Presence-Absence"
"RAJACLA_adult","Chlorophyll a",0.000345803675538343,"adult","Presence-Absence"
"ARNOLAT_adult","Chlorophyll a",0.0069745724381196,"adult","Presence-Absence"
"BLENOCE_juvenile","Chlorophyll a",0.00361735772088247,"juvenile","Presence-Absence"
"CAPOAPE_juvenile","Chlorophyll a",0.00296114822618447,"juvenile","Presence-Absence"
"CAPOAPE_adult","Chlorophyll a",0.00302698861039077,"adult","Presence-Absence"
"CEPOMAC_adult","Chlorophyll a",0.000709341681775893,"adult","Presence-Absence"
"CONGCON_adult","Chlorophyll a",0.00523684594500909,"adult","Presence-Absence"
"GOBIQUA_adult","Chlorophyll a",0.0031946748219991,"adult","Presence-Absence"
"LEPTCAV_juvenile","Chlorophyll a",0.00119844314654405,"juvenile","Presence-Absence"
"LEPTCAV_adult","Chlorophyll a",0.00043030092813673,"adult","Presence-Absence"
"SERAHEP_juvenile","Chlorophyll a",0.00372000250330626,"juvenile","Presence-Absence"
"SERAHEP_adult","Chlorophyll a",0.00442605475811396,"adult","Presence-Absence"
"TRAHDRA_adult","Chlorophyll a",0.000196996544124137,"adult","Presence-Absence"
"URANSCA_adult","Chlorophyll a",0.00197791840280652,"adult","Presence-Absence"
"ARNORUP_adult","Chlorophyll a",0.000616100291430564,"adult","Presence-Absence"
"ARNOTHO_juvenile","Chlorophyll a",0.00340715166945848,"juvenile","Presence-Absence"
"GADIARG_adult","Chlorophyll a",0.00370980752715608,"adult","Presence-Absence"
"LEPICAU_adult","Chlorophyll a",0.00726100766448089,"adult","Presence-Absence"
"MACOSCO_adult","Chlorophyll a",0.00403669517120196,"adult","Presence-Absence"
"SERACAB_juvenile","Chlorophyll a",0.000551257876483325,"juvenile","Presence-Absence"
"SERACAB_adult","Chlorophyll a",0.000276642861320509,"adult","Presence-Absence"
"SCORNOT_adult","Chlorophyll a",0.000555882250588436,"adult","Presence-Absence"
"ARGRHEM_adult","Chlorophyll a",0.00278135844409884,"adult","Presence-Absence"
"LAMACRO_juvenile","Chlorophyll a",0.00166924977125224,"juvenile","Presence-Absence"
"LAMACRO_adult","Chlorophyll a",0.00166038443337131,"adult","Presence-Absence"
"NEZUAEQ_juvenile","Chlorophyll a",0.00473253556557423,"juvenile","Presence-Absence"
"COELCOE_juvenile","Chlorophyll a",0.00532570149706504,"juvenile","Presence-Absence"
"HYMEITA_adult","Chlorophyll a",0.00114117305027188,"adult","Presence-Absence"
"CALMPHA_juvenile","Chlorophyll a",0.00140351784650354,"juvenile","Presence-Absence"
"CALMPHA_adult","Chlorophyll a",0.000899038213734088,"adult","Presence-Absence"
"RAJAAST_adult","Chlorophyll a",0.00270865791293351,"adult","Presence-Absence"
"TRIGLYR_juvenile","Chlorophyll a",0.014759992493392,"juvenile","Presence-Absence"
"SCORSCO_adult","Chlorophyll a",0.00194842089058955,"adult","Presence-Absence"
"RAJAMIR_juvenile","Chlorophyll a",0.00842345209263872,"juvenile","Presence-Absence"
"RAJAPOL_juvenile","Chlorophyll a",0.0020669897019512,"juvenile","Presence-Absence"
"RAJAPOL_adult","Chlorophyll a",0.00382055759160621,"adult","Presence-Absence"
"EUTRGUR_juvenile","Chlorophyll a",0.00229184564175278,"juvenile","Presence-Absence"
"EUTRGUR_adult","Chlorophyll a",0.00542182319828144,"adult","Presence-Absence"
"SQUABLA_juvenile","Chlorophyll a",0.0253709180833334,"juvenile","Presence-Absence"
"SQUABLA_adult","Chlorophyll a",0.0305638118855423,"adult","Presence-Absence"
"RAJABRA_juvenile","Chlorophyll a",0.00300287335574119,"juvenile","Presence-Absence"
"SPRASPR_adult","Chlorophyll a",0.000616064357448193,"adult","Presence-Absence"
"DIAPMET_adult","Chlorophyll a",0.00856537408137111,"adult","Presence-Absence"
"GONODEN_adult","Chlorophyll a",0.0205705236990949,"adult","Presence-Absence"
"ETMOSPI_juvenile","Human pressures",0.00392775812275465,"juvenile","Presence-Absence"
"ETMOSPI_adult","Human pressures",0.00265174971875074,"adult","Presence-Absence"
"GALUMEL_juvenile","Human pressures",0.00492371715251692,"juvenile","Presence-Absence"
"GALUMEL_adult","Human pressures",0.00569951595337518,"adult","Presence-Absence"
"HELIDAC_juvenile","Human pressures",0.00279863265113189,"juvenile","Presence-Absence"
"HELIDAC_adult","Human pressures",0.00435044209768617,"adult","Presence-Absence"
"LOPHBUD_juvenile","Human pressures",0.00627255646961055,"juvenile","Presence-Absence"
"LOPHBUD_adult","Human pressures",0.012018198730592,"adult","Presence-Absence"
"PAGEBOG_juvenile","Human pressures",0.0698516011326903,"juvenile","Presence-Absence"
"PAGEBOG_adult","Human pressures",0.00148894765659008,"adult","Presence-Absence"
"PHYIBLE_juvenile","Human pressures",0.00686346863650333,"juvenile","Presence-Absence"
"PHYIBLE_adult","Human pressures",0.00922086595375376,"adult","Presence-Absence"
"TRACTRA_juvenile","Human pressures",0.00583337951658954,"juvenile","Presence-Absence"
"TRACTRA_adult","Human pressures",0.00846060105991353,"adult","Presence-Absence"
"SCYOCAN_juvenile","Human pressures",0.0148234103192087,"juvenile","Presence-Absence"
"SCYOCAN_adult","Human pressures",0.0113226699474533,"adult","Presence-Absence"
"TORPMAR_juvenile","Human pressures",0.0209543198405525,"juvenile","Presence-Absence"
"BOOPBOO_juvenile","Human pressures",0.00222175495667731,"juvenile","Presence-Absence"
"BOOPBOO_adult","Human pressures",0.00438824516678887,"adult","Presence-Absence"
"MERLMER_juvenile","Human pressures",0.00443630151695977,"juvenile","Presence-Absence"
"MERLMER_adult","Human pressures",0.00662858674091651,"adult","Presence-Absence"
"MULLSUR_juvenile","Human pressures",0.0075036395910169,"juvenile","Presence-Absence"
"MULLSUR_adult","Human pressures",0.0108783919216596,"adult","Presence-Absence"
"PAGEACA_juvenile","Human pressures",0.00811506949376294,"juvenile","Presence-Absence"
"PAGEACA_adult","Human pressures",0.0136129229632721,"adult","Presence-Absence"
"SCOMPNE_juvenile","Human pressures",0.00554372998211381,"juvenile","Presence-Absence"
"SCOMPNE_adult","Human pressures",0.0107917173269353,"adult","Presence-Absence"
"MULLBAR_juvenile","Human pressures",0.000620217689688231,"juvenile","Presence-Absence"
"MULLBAR_adult","Human pressures",0.00183722833610215,"adult","Presence-Absence"
"PAGEERY_juvenile","Human pressures",0.00232596653851922,"juvenile","Presence-Absence"
"PAGEERY_adult","Human pressures",0.00555221689793975,"adult","Presence-Absence"
"SPARPAG_juvenile","Human pressures",0.0254041728194417,"juvenile","Presence-Absence"
"SPARPAG_adult","Human pressures",0.0655490417778835,"adult","Presence-Absence"
"TRIPLAS_juvenile","Human pressures",0.0132821764558245,"juvenile","Presence-Absence"
"TRIPLAS_adult","Human pressures",0.007939377832908,"adult","Presence-Absence"
"ASPICUC_juvenile","Human pressures",0.0212897069282656,"juvenile","Presence-Absence"
"ASPICUC_adult","Human pressures",0.0179525885730894,"adult","Presence-Absence"
"CITHMAC_juvenile","Human pressures",0.00186839754592111,"juvenile","Presence-Absence"
"CITHMAC_adult","Human pressures",0.00864383574356805,"adult","Presence-Absence"
"TRACMED_juvenile","Human pressures",0.00269494172521696,"juvenile","Presence-Absence"
"TRACMED_adult","Human pressures",0.00222385359950189,"adult","Presence-Absence"
"RAJAOXY_adult","Human pressures",0.110035271517501,"adult","Presence-Absence"
"MICMPOU_juvenile","Human pressures",0.00537564777151805,"juvenile","Presence-Absence"
"MICMPOU_adult","Human pressures",0.00367501247226676,"adult","Presence-Absence"
"ENGRENC_juvenile","Human pressures",0.00741065691179508,"juvenile","Presence-Absence"
"ENGRENC_adult","Human pressures",0.00520017349500855,"adult","Presence-Absence"
"DIPLVUL_adult","Human pressures",0.00343798105165517,"adult","Presence-Absence"
"LEPMBOS_juvenile","Human pressures",0.00319940845801779,"juvenile","Presence-Absence"
"LEPMBOS_adult","Human pressures",0.00525975205154217,"adult","Presence-Absence"
"DIPLANN_juvenile","Human pressures",0.00205991905235579,"juvenile","Presence-Absence"
"DIPLANN_adult","Human pressures",0.00150969821125429,"adult","Presence-Absence"
"SARDPIL_juvenile","Human pressures",0.00315445049067977,"juvenile","Presence-Absence"
"SARDPIL_adult","Human pressures",0.00299080702380082,"adult","Presence-Absence"
"SCYMLIC_adult","Human pressures",0.0044272199218572,"adult","Presence-Absence"
"ZEUSFAB_juvenile","Human pressures",0.0138077694503822,"juvenile","Presence-Absence"
"ZEUSFAB_adult","Human pressures",0.0190322018229997,"adult","Presence-Absence"
"SPICMAE_adult","Human pressures",0.0110301007007403,"adult","Presence-Absence"
"SCOMSCO_juvenile","Human pressures",0.0108796659204583,"juvenile","Presence-Absence"
"SCOMSCO_adult","Human pressures",0.016450023525567,"adult","Presence-Absence"
"LOPHPIS_juvenile","Human pressures",0.0234720875277604,"juvenile","Presence-Absence"
"LOPHPIS_adult","Human pressures",0.0247014339263627,"adult","Presence-Absence"
"TRIGLUC_juvenile","Human pressures",0.0307189034234376,"juvenile","Presence-Absence"
"TRIGLUC_adult","Human pressures",0.0377346487551524,"adult","Presence-Absence"
"TRISCAP_juvenile","Human pressures",0.00257242495800168,"juvenile","Presence-Absence"
"TRISCAP_adult","Human pressures",0.00165355628066617,"adult","Presence-Absence"
"SPICFLE_juvenile","Human pressures",0.0136114200143946,"juvenile","Presence-Absence"
"SPICFLE_adult","Human pressures",0.0307640016972533,"adult","Presence-Absence"
"SPICSMA_juvenile","Human pressures",0.000995799757625005,"juvenile","Presence-Absence"
"SPICSMA_adult","Human pressures",0.00417486333848224,"adult","Presence-Absence"
"SOLEVUL_juvenile","Human pressures",0.0119086933468631,"juvenile","Presence-Absence"
"SOLEVUL_adult","Human pressures",0.0103637131079756,"adult","Presence-Absence"
"RAJACLA_juvenile","Human pressures",0.0568043593724769,"juvenile","Presence-Absence"
"RAJACLA_adult","Human pressures",0.0558025991521024,"adult","Presence-Absence"
"ARNOLAT_adult","Human pressures",0.00154151490206114,"adult","Presence-Absence"
"BLENOCE_juvenile","Human pressures",0.00539825378831371,"juvenile","Presence-Absence"
"CAPOAPE_juvenile","Human pressures",0.00271361895174315,"juvenile","Presence-Absence"
"CAPOAPE_adult","Human pressures",0.00503742310794052,"adult","Presence-Absence"
"CEPOMAC_adult","Human pressures",0.00609266639461282,"adult","Presence-Absence"
"CONGCON_adult","Human pressures",0.00205273953552345,"adult","Presence-Absence"
"GOBIQUA_adult","Human pressures",0.00160074346586267,"adult","Presence-Absence"
"LEPTCAV_juvenile","Human pressures",0.0012824367381371,"juvenile","Presence-Absence"
"LEPTCAV_adult","Human pressures",0.0023424920996986,"adult","Presence-Absence"
"SERAHEP_juvenile","Human pressures",0.0041913603802676,"juvenile","Presence-Absence"
"SERAHEP_adult","Human pressures",0.00338907036915557,"adult","Presence-Absence"
"TRAHDRA_adult","Human pressures",0.00425035089701517,"adult","Presence-Absence"
"URANSCA_adult","Human pressures",0.00546321095343663,"adult","Presence-Absence"
"ARNORUP_adult","Human pressures",0.00603906625514416,"adult","Presence-Absence"
"ARNOTHO_juvenile","Human pressures",0.00122697139602276,"juvenile","Presence-Absence"
"GADIARG_adult","Human pressures",0.0111100350551735,"adult","Presence-Absence"
"LEPICAU_adult","Human pressures",0.0105909600564269,"adult","Presence-Absence"
"MACOSCO_adult","Human pressures",0.00529026250626959,"adult","Presence-Absence"
"SERACAB_juvenile","Human pressures",0.00488332144378585,"juvenile","Presence-Absence"
"SERACAB_adult","Human pressures",0.00607714187444292,"adult","Presence-Absence"
"SCORNOT_adult","Human pressures",0.00273079211905475,"adult","Presence-Absence"
"ARGRHEM_adult","Human pressures",0.00517122769487878,"adult","Presence-Absence"
"LAMACRO_juvenile","Human pressures",0.0032673932149855,"juvenile","Presence-Absence"
"LAMACRO_adult","Human pressures",0.0048876860330543,"adult","Presence-Absence"
"NEZUAEQ_juvenile","Human pressures",0.00440142340201197,"juvenile","Presence-Absence"
"COELCOE_juvenile","Human pressures",0.00469980428037725,"juvenile","Presence-Absence"
"HYMEITA_adult","Human pressures",0.00464591163123484,"adult","Presence-Absence"
"CALMPHA_juvenile","Human pressures",0.019236269796051,"juvenile","Presence-Absence"
"CALMPHA_adult","Human pressures",0.0141703667615275,"adult","Presence-Absence"
"RAJAAST_adult","Human pressures",0.0311466046045732,"adult","Presence-Absence"
"TRIGLYR_juvenile","Human pressures",0.00247732678096115,"juvenile","Presence-Absence"
"SCORSCO_adult","Human pressures",0.0198213042816914,"adult","Presence-Absence"
"RAJAMIR_juvenile","Human pressures",0.0303748994116231,"juvenile","Presence-Absence"
"RAJAPOL_juvenile","Human pressures",0.0975204084901865,"juvenile","Presence-Absence"
"RAJAPOL_adult","Human pressures",0.0893439311690317,"adult","Presence-Absence"
"EUTRGUR_juvenile","Human pressures",0.00292090038732838,"juvenile","Presence-Absence"
"EUTRGUR_adult","Human pressures",0.00487646288074832,"adult","Presence-Absence"
"SQUABLA_juvenile","Human pressures",0.0460148240316973,"juvenile","Presence-Absence"
"SQUABLA_adult","Human pressures",0.0563329831994867,"adult","Presence-Absence"
"RAJABRA_juvenile","Human pressures",0.0966438929804584,"juvenile","Presence-Absence"
"SPRASPR_adult","Human pressures",0.0003773920640022,"adult","Presence-Absence"
"DIAPMET_adult","Human pressures",0.00601230295021389,"adult","Presence-Absence"
"GONODEN_adult","Human pressures",0.0165347622228669,"adult","Presence-Absence"
"ETMOSPI_juvenile","Year",0.135555331703934,"juvenile","Presence-Absence"
"ETMOSPI_adult","Year",0.115604602164407,"adult","Presence-Absence"
"GALUMEL_juvenile","Year",0.0124109781272497,"juvenile","Presence-Absence"
"GALUMEL_adult","Year",0.00790731605432844,"adult","Presence-Absence"
"HELIDAC_juvenile","Year",0.00248370043010072,"juvenile","Presence-Absence"
"HELIDAC_adult","Year",0.00776740969268355,"adult","Presence-Absence"
"LOPHBUD_juvenile","Year",0.0121562967502326,"juvenile","Presence-Absence"
"LOPHBUD_adult","Year",0.0558463773280835,"adult","Presence-Absence"
"PAGEBOG_juvenile","Year",0.0219740610145511,"juvenile","Presence-Absence"
"PAGEBOG_adult","Year",0.0379791665017317,"adult","Presence-Absence"
"PHYIBLE_juvenile","Year",0.0172959998152988,"juvenile","Presence-Absence"
"PHYIBLE_adult","Year",0.0177960002245576,"adult","Presence-Absence"
"TRACTRA_juvenile","Year",0.0321006334101754,"juvenile","Presence-Absence"
"TRACTRA_adult","Year",0.0130292969017935,"adult","Presence-Absence"
"SCYOCAN_juvenile","Year",0.0181312171231706,"juvenile","Presence-Absence"
"SCYOCAN_adult","Year",0.0172149182496562,"adult","Presence-Absence"
"TORPMAR_juvenile","Year",0.406212963993371,"juvenile","Presence-Absence"
"BOOPBOO_juvenile","Year",0.212633583138387,"juvenile","Presence-Absence"
"BOOPBOO_adult","Year",0.308016321227247,"adult","Presence-Absence"
"MERLMER_juvenile","Year",0.00299942058339161,"juvenile","Presence-Absence"
"MERLMER_adult","Year",0.00446028686922578,"adult","Presence-Absence"
"MULLSUR_juvenile","Year",0.0404992406694945,"juvenile","Presence-Absence"
"MULLSUR_adult","Year",0.00444937325342646,"adult","Presence-Absence"
"PAGEACA_juvenile","Year",0.00461220365648179,"juvenile","Presence-Absence"
"PAGEACA_adult","Year",0.00188181003395096,"adult","Presence-Absence"
"SCOMPNE_juvenile","Year",0.90793682268767,"juvenile","Presence-Absence"
"SCOMPNE_adult","Year",0.884418497108432,"adult","Presence-Absence"
"MULLBAR_juvenile","Year",0.00896710537689141,"juvenile","Presence-Absence"
"MULLBAR_adult","Year",0.013391146500742,"adult","Presence-Absence"
"PAGEERY_juvenile","Year",0.00383632152210922,"juvenile","Presence-Absence"
"PAGEERY_adult","Year",0.00295311974649455,"adult","Presence-Absence"
"SPARPAG_juvenile","Year",0.0217740665392937,"juvenile","Presence-Absence"
"SPARPAG_adult","Year",0.0052891469763055,"adult","Presence-Absence"
"TRIPLAS_juvenile","Year",0.00831096670660491,"juvenile","Presence-Absence"
"TRIPLAS_adult","Year",0.0140958651535622,"adult","Presence-Absence"
"ASPICUC_juvenile","Year",0.00718405638093512,"juvenile","Presence-Absence"
"ASPICUC_adult","Year",0.00322214941024604,"adult","Presence-Absence"
"CITHMAC_juvenile","Year",0.00297666186964704,"juvenile","Presence-Absence"
"CITHMAC_adult","Year",0.00277328401899283,"adult","Presence-Absence"
"TRACMED_juvenile","Year",0.0104713099514565,"juvenile","Presence-Absence"
"TRACMED_adult","Year",0.0160120895843551,"adult","Presence-Absence"
"RAJAOXY_adult","Year",0.0454768924351212,"adult","Presence-Absence"
"MICMPOU_juvenile","Year",0.0251631292332553,"juvenile","Presence-Absence"
"MICMPOU_adult","Year",0.0321915178030107,"adult","Presence-Absence"
"ENGRENC_juvenile","Year",0.36861373281068,"juvenile","Presence-Absence"
"ENGRENC_adult","Year",0.413641147368503,"adult","Presence-Absence"
"DIPLVUL_adult","Year",0.310248228430662,"adult","Presence-Absence"
"LEPMBOS_juvenile","Year",0.00740666269012772,"juvenile","Presence-Absence"
"LEPMBOS_adult","Year",0.00136698900443201,"adult","Presence-Absence"
"DIPLANN_juvenile","Year",0.17532718785761,"juvenile","Presence-Absence"
"DIPLANN_adult","Year",0.3213495003187,"adult","Presence-Absence"
"SARDPIL_juvenile","Year",0.499087655923927,"juvenile","Presence-Absence"
"SARDPIL_adult","Year",0.517790947413798,"adult","Presence-Absence"
"SCYMLIC_adult","Year",0.0782886014234916,"adult","Presence-Absence"
"ZEUSFAB_juvenile","Year",0.0108617579994923,"juvenile","Presence-Absence"
"ZEUSFAB_adult","Year",0.00266182122204912,"adult","Presence-Absence"
"SPICMAE_adult","Year",0.638604491164646,"adult","Presence-Absence"
"SCOMSCO_juvenile","Year",0.460815602343218,"juvenile","Presence-Absence"
"SCOMSCO_adult","Year",0.338438130959232,"adult","Presence-Absence"
"LOPHPIS_juvenile","Year",0.0554798412905084,"juvenile","Presence-Absence"
"LOPHPIS_adult","Year",0.0493649043278613,"adult","Presence-Absence"
"TRIGLUC_juvenile","Year",0.113974429539308,"juvenile","Presence-Absence"
"TRIGLUC_adult","Year",0.146167377806085,"adult","Presence-Absence"
"TRISCAP_juvenile","Year",0.00858582089064915,"juvenile","Presence-Absence"
"TRISCAP_adult","Year",0.0016293298948567,"adult","Presence-Absence"
"SPICFLE_juvenile","Year",0.0226608785627221,"juvenile","Presence-Absence"
"SPICFLE_adult","Year",0.0200961979567136,"adult","Presence-Absence"
"SPICSMA_juvenile","Year",0.0204811641799851,"juvenile","Presence-Absence"
"SPICSMA_adult","Year",0.0364587795918156,"adult","Presence-Absence"
"SOLEVUL_juvenile","Year",0.0131102531943678,"juvenile","Presence-Absence"
"SOLEVUL_adult","Year",0.00712276775061915,"adult","Presence-Absence"
"RAJACLA_juvenile","Year",0.00413842644911314,"juvenile","Presence-Absence"
"RAJACLA_adult","Year",0.00610906036607744,"adult","Presence-Absence"
"ARNOLAT_adult","Year",0.42788098886248,"adult","Presence-Absence"
"BLENOCE_juvenile","Year",0.317394811656038,"juvenile","Presence-Absence"
"CAPOAPE_juvenile","Year",0.43785128139088,"juvenile","Presence-Absence"
"CAPOAPE_adult","Year",0.423654372884226,"adult","Presence-Absence"
"CEPOMAC_adult","Year",0.375735874203086,"adult","Presence-Absence"
"CONGCON_adult","Year",0.680976703590021,"adult","Presence-Absence"
"GOBIQUA_adult","Year",0.285866030943572,"adult","Presence-Absence"
"LEPTCAV_juvenile","Year",0.25070265433837,"juvenile","Presence-Absence"
"LEPTCAV_adult","Year",0.247911305312056,"adult","Presence-Absence"
"SERAHEP_juvenile","Year",0.355193823411973,"juvenile","Presence-Absence"
"SERAHEP_adult","Year",0.330310911667275,"adult","Presence-Absence"
"TRAHDRA_adult","Year",0.631533234636451,"adult","Presence-Absence"
"URANSCA_adult","Year",0.210943632028088,"adult","Presence-Absence"
"ARNORUP_adult","Year",0.305768382648134,"adult","Presence-Absence"
"ARNOTHO_juvenile","Year",0.312893473585134,"juvenile","Presence-Absence"
"GADIARG_adult","Year",0.551065918493022,"adult","Presence-Absence"
"LEPICAU_adult","Year",0.426364526256117,"adult","Presence-Absence"
"MACOSCO_adult","Year",0.388808011338486,"adult","Presence-Absence"
"SERACAB_juvenile","Year",0.595866927450266,"juvenile","Presence-Absence"
"SERACAB_adult","Year",0.636042343713075,"adult","Presence-Absence"
"SCORNOT_adult","Year",0.659032382441286,"adult","Presence-Absence"
"ARGRHEM_adult","Year",0.439187142541171,"adult","Presence-Absence"
"LAMACRO_juvenile","Year",0.422286341227783,"juvenile","Presence-Absence"
"LAMACRO_adult","Year",0.349756764742323,"adult","Presence-Absence"
"NEZUAEQ_juvenile","Year",0.46904860614236,"juvenile","Presence-Absence"
"COELCOE_juvenile","Year",0.551388912464294,"juvenile","Presence-Absence"
"HYMEITA_adult","Year",0.358061864803047,"adult","Presence-Absence"
"CALMPHA_juvenile","Year",0.310703435184677,"juvenile","Presence-Absence"
"CALMPHA_adult","Year",0.247505633942497,"adult","Presence-Absence"
"RAJAAST_adult","Year",0.125485695657481,"adult","Presence-Absence"
"TRIGLYR_juvenile","Year",0.140819937640579,"juvenile","Presence-Absence"
"SCORSCO_adult","Year",0.643907786209478,"adult","Presence-Absence"
"RAJAMIR_juvenile","Year",0.0694452000944266,"juvenile","Presence-Absence"
"RAJAPOL_juvenile","Year",0.200160966957448,"juvenile","Presence-Absence"
"RAJAPOL_adult","Year",0.147082424485414,"adult","Presence-Absence"
"EUTRGUR_juvenile","Year",0.00123229006149195,"juvenile","Presence-Absence"
"EUTRGUR_adult","Year",0.00131574478808183,"adult","Presence-Absence"
"SQUABLA_juvenile","Year",0.081325304966525,"juvenile","Presence-Absence"
"SQUABLA_adult","Year",0.114707811584197,"adult","Presence-Absence"
"RAJABRA_juvenile","Year",0.158813142723457,"juvenile","Presence-Absence"
"SPRASPR_adult","Year",0.593278539705437,"adult","Presence-Absence"
"DIAPMET_adult","Year",0.0152964452103881,"adult","Presence-Absence"
"GONODEN_adult","Year",0.00611907807756069,"adult","Presence-Absence"
"ETMOSPI_juvenile","Grid cell",0.487972724284959,"juvenile","Presence-Absence"
"ETMOSPI_adult","Grid cell",0.42334987575629,"adult","Presence-Absence"
"GALUMEL_juvenile","Grid cell",0.375738378202621,"juvenile","Presence-Absence"
"GALUMEL_adult","Grid cell",0.530809087974492,"adult","Presence-Absence"
"HELIDAC_juvenile","Grid cell",0.614733342685464,"juvenile","Presence-Absence"
"HELIDAC_adult","Grid cell",0.721785858217086,"adult","Presence-Absence"
"LOPHBUD_juvenile","Grid cell",0.774841465986785,"juvenile","Presence-Absence"
"LOPHBUD_adult","Grid cell",0.502606292948814,"adult","Presence-Absence"
"PAGEBOG_juvenile","Grid cell",0.636246983717535,"juvenile","Presence-Absence"
"PAGEBOG_adult","Grid cell",0.275926275254024,"adult","Presence-Absence"
"PHYIBLE_juvenile","Grid cell",0.387095194026824,"juvenile","Presence-Absence"
"PHYIBLE_adult","Grid cell",0.328817477025751,"adult","Presence-Absence"
"TRACTRA_juvenile","Grid cell",0.425399732423134,"juvenile","Presence-Absence"
"TRACTRA_adult","Grid cell",0.730142476428503,"adult","Presence-Absence"
"SCYOCAN_juvenile","Grid cell",0.801818729651623,"juvenile","Presence-Absence"
"SCYOCAN_adult","Grid cell",0.867231885571599,"adult","Presence-Absence"
"TORPMAR_juvenile","Grid cell",0.09371268373585,"juvenile","Presence-Absence"
"BOOPBOO_juvenile","Grid cell",0.477575451220326,"juvenile","Presence-Absence"
"BOOPBOO_adult","Grid cell",0.299951624489945,"adult","Presence-Absence"
"MERLMER_juvenile","Grid cell",0.734716871091595,"juvenile","Presence-Absence"
"MERLMER_adult","Grid cell",0.892651985095464,"adult","Presence-Absence"
"MULLSUR_juvenile","Grid cell",0.27717660312572,"juvenile","Presence-Absence"
"MULLSUR_adult","Grid cell",0.582415552001019,"adult","Presence-Absence"
"PAGEACA_juvenile","Grid cell",0.767167093572038,"juvenile","Presence-Absence"
"PAGEACA_adult","Grid cell",0.780572724524956,"adult","Presence-Absence"
"SCOMPNE_juvenile","Grid cell",0.0104207093190312,"juvenile","Presence-Absence"
"SCOMPNE_adult","Grid cell",0.0134633696550452,"adult","Presence-Absence"
"MULLBAR_juvenile","Grid cell",0.546694613246121,"juvenile","Presence-Absence"
"MULLBAR_adult","Grid cell",0.610362936625773,"adult","Presence-Absence"
"PAGEERY_juvenile","Grid cell",0.402073619565892,"juvenile","Presence-Absence"
"PAGEERY_adult","Grid cell",0.370633956990232,"adult","Presence-Absence"
"SPARPAG_juvenile","Grid cell",0.507349737738394,"juvenile","Presence-Absence"
"SPARPAG_adult","Grid cell",0.545038870577566,"adult","Presence-Absence"
"TRIPLAS_juvenile","Grid cell",0.620376099272365,"juvenile","Presence-Absence"
"TRIPLAS_adult","Grid cell",0.682722976810837,"adult","Presence-Absence"
"ASPICUC_juvenile","Grid cell",0.580940908460776,"juvenile","Presence-Absence"
"ASPICUC_adult","Grid cell",0.713127948507229,"adult","Presence-Absence"
"CITHMAC_juvenile","Grid cell",0.725488512881273,"juvenile","Presence-Absence"
"CITHMAC_adult","Grid cell",0.745837372614264,"adult","Presence-Absence"
"TRACMED_juvenile","Grid cell",0.617532015858039,"juvenile","Presence-Absence"
"TRACMED_adult","Grid cell",0.575556762142846,"adult","Presence-Absence"
"RAJAOXY_adult","Grid cell",0.703074751572845,"adult","Presence-Absence"
"MICMPOU_juvenile","Grid cell",0.611851754108172,"juvenile","Presence-Absence"
"MICMPOU_adult","Grid cell",0.338112557796834,"adult","Presence-Absence"
"ENGRENC_juvenile","Grid cell",0.391765238477339,"juvenile","Presence-Absence"
"ENGRENC_adult","Grid cell",0.317358130306772,"adult","Presence-Absence"
"DIPLVUL_adult","Grid cell",0.339319145569508,"adult","Presence-Absence"
"LEPMBOS_juvenile","Grid cell",0.715296517703893,"juvenile","Presence-Absence"
"LEPMBOS_adult","Grid cell",0.807731051655711,"adult","Presence-Absence"
"DIPLANN_juvenile","Grid cell",0.21244686949001,"juvenile","Presence-Absence"
"DIPLANN_adult","Grid cell",0.0981540956053989,"adult","Presence-Absence"
"SARDPIL_juvenile","Grid cell",0.322319220325804,"juvenile","Presence-Absence"
"SARDPIL_adult","Grid cell",0.268375604315621,"adult","Presence-Absence"
"SCYMLIC_adult","Grid cell",0.332369240056344,"adult","Presence-Absence"
"ZEUSFAB_juvenile","Grid cell",0.284502121164095,"juvenile","Presence-Absence"
"ZEUSFAB_adult","Grid cell",0.345068388526305,"adult","Presence-Absence"
"SPICMAE_adult","Grid cell",0.160394773024781,"adult","Presence-Absence"
"SCOMSCO_juvenile","Grid cell",0.420938285592823,"juvenile","Presence-Absence"
"SCOMSCO_adult","Grid cell",0.430181363993024,"adult","Presence-Absence"
"LOPHPIS_juvenile","Grid cell",0.642291043116553,"juvenile","Presence-Absence"
"LOPHPIS_adult","Grid cell",0.618306062121795,"adult","Presence-Absence"
"TRIGLUC_juvenile","Grid cell",0.231048683463941,"juvenile","Presence-Absence"
"TRIGLUC_adult","Grid cell",0.178261188664967,"adult","Presence-Absence"
"TRISCAP_juvenile","Grid cell",0.713855240513933,"juvenile","Presence-Absence"
"TRISCAP_adult","Grid cell",0.868210785401277,"adult","Presence-Absence"
"SPICFLE_juvenile","Grid cell",0.562181242988739,"juvenile","Presence-Absence"
"SPICFLE_adult","Grid cell",0.447381821344282,"adult","Presence-Absence"
"SPICSMA_juvenile","Grid cell",0.415308856003335,"juvenile","Presence-Absence"
"SPICSMA_adult","Grid cell",0.72066282764942,"adult","Presence-Absence"
"SOLEVUL_juvenile","Grid cell",0.219487918548223,"juvenile","Presence-Absence"
"SOLEVUL_adult","Grid cell",0.204740546925024,"adult","Presence-Absence"
"RAJACLA_juvenile","Grid cell",0.850152775122903,"juvenile","Presence-Absence"
"RAJACLA_adult","Grid cell",0.872124628035955,"adult","Presence-Absence"
"ARNOLAT_adult","Grid cell",0.423838405130183,"adult","Presence-Absence"
"BLENOCE_juvenile","Grid cell",0.354790161860578,"juvenile","Presence-Absence"
"CAPOAPE_juvenile","Grid cell",0.49285858663784,"juvenile","Presence-Absence"
"CAPOAPE_adult","Grid cell",0.505010949679525,"adult","Presence-Absence"
"CEPOMAC_adult","Grid cell",0.425864244255275,"adult","Presence-Absence"
"CONGCON_adult","Grid cell",0.274368916045999,"adult","Presence-Absence"
"GOBIQUA_adult","Grid cell",0.502122297976168,"adult","Presence-Absence"
"LEPTCAV_juvenile","Grid cell",0.382555130073367,"juvenile","Presence-Absence"
"LEPTCAV_adult","Grid cell",0.511487804729046,"adult","Presence-Absence"
"SERAHEP_juvenile","Grid cell",0.489541215033281,"juvenile","Presence-Absence"
"SERAHEP_adult","Grid cell",0.535824161814262,"adult","Presence-Absence"
"TRAHDRA_adult","Grid cell",0.189688138443972,"adult","Presence-Absence"
"URANSCA_adult","Grid cell",0.356709505759796,"adult","Presence-Absence"
"ARNORUP_adult","Grid cell",0.463268086601149,"adult","Presence-Absence"
"ARNOTHO_juvenile","Grid cell",0.534890467200502,"juvenile","Presence-Absence"
"GADIARG_adult","Grid cell",0.293780427347056,"adult","Presence-Absence"
"LEPICAU_adult","Grid cell",0.406729131355496,"adult","Presence-Absence"
"MACOSCO_adult","Grid cell",0.463849179534349,"adult","Presence-Absence"
"SERACAB_juvenile","Grid cell",0.241623471071833,"juvenile","Presence-Absence"
"SERACAB_adult","Grid cell",0.228334565810238,"adult","Presence-Absence"
"SCORNOT_adult","Grid cell",0.198881292378066,"adult","Presence-Absence"
"ARGRHEM_adult","Grid cell",0.205362318097266,"adult","Presence-Absence"
"LAMACRO_juvenile","Grid cell",0.307655004770077,"juvenile","Presence-Absence"
"LAMACRO_adult","Grid cell",0.329516894877504,"adult","Presence-Absence"
"NEZUAEQ_juvenile","Grid cell",0.204820879059658,"juvenile","Presence-Absence"
"COELCOE_juvenile","Grid cell",0.267801360101732,"juvenile","Presence-Absence"
"HYMEITA_adult","Grid cell",0.22494981092122,"adult","Presence-Absence"
"CALMPHA_juvenile","Grid cell",0.59021354000589,"juvenile","Presence-Absence"
"CALMPHA_adult","Grid cell",0.688923205923228,"adult","Presence-Absence"
"RAJAAST_adult","Grid cell",0.208417106138059,"adult","Presence-Absence"
"TRIGLYR_juvenile","Grid cell",0.690687923534015,"juvenile","Presence-Absence"
"SCORSCO_adult","Grid cell",0.17990028177321,"adult","Presence-Absence"
"RAJAMIR_juvenile","Grid cell",0.740021477743809,"juvenile","Presence-Absence"
"RAJAPOL_juvenile","Grid cell",0.593992288195753,"juvenile","Presence-Absence"
"RAJAPOL_adult","Grid cell",0.642367356782988,"adult","Presence-Absence"
"EUTRGUR_juvenile","Grid cell",0.911499108815283,"juvenile","Presence-Absence"
"EUTRGUR_adult","Grid cell",0.914156267667641,"adult","Presence-Absence"
"SQUABLA_juvenile","Grid cell",0.790679970092742,"juvenile","Presence-Absence"
"SQUABLA_adult","Grid cell",0.694857967483421,"adult","Presence-Absence"
"RAJABRA_juvenile","Grid cell",0.63850011112238,"juvenile","Presence-Absence"
"SPRASPR_adult","Grid cell",0.311762698771626,"adult","Presence-Absence"
"DIAPMET_adult","Grid cell",0.42013329812949,"adult","Presence-Absence"
"GONODEN_adult","Grid cell",0.744022266134766,"adult","Presence-Absence"
"ETMOSPI_juvenile","Depth",0.144296988797314,"juvenile","Abundance"
"ETMOSPI_adult","Depth",0.199207512385653,"adult","Abundance"
"GALUMEL_juvenile","Depth",0.108933564057004,"juvenile","Abundance"
"GALUMEL_adult","Depth",0.132439898311622,"adult","Abundance"
"HELIDAC_juvenile","Depth",0.0756489764703597,"juvenile","Abundance"
"HELIDAC_adult","Depth",0.222695214719913,"adult","Abundance"
"LOPHBUD_juvenile","Depth",0.423376228545228,"juvenile","Abundance"
"LOPHBUD_adult","Depth",0.60559387638998,"adult","Abundance"
"PAGEBOG_juvenile","Depth",0.51838815881093,"juvenile","Abundance"
"PAGEBOG_adult","Depth",0.196592218676118,"adult","Abundance"
"PHYIBLE_juvenile","Depth",0.281165432631565,"juvenile","Abundance"
"PHYIBLE_adult","Depth",0.234585415337452,"adult","Abundance"
"TRACTRA_juvenile","Depth",0.680614535219619,"juvenile","Abundance"
"TRACTRA_adult","Depth",0.614584530037625,"adult","Abundance"
"SCYOCAN_juvenile","Depth",0.37150045097657,"juvenile","Abundance"
"SCYOCAN_adult","Depth",0.343509519372544,"adult","Abundance"
"TORPMAR_juvenile","Depth",0.555999202852942,"juvenile","Abundance"
"BOOPBOO_juvenile","Depth",0.660271971486101,"juvenile","Abundance"
"BOOPBOO_adult","Depth",0.69235780674896,"adult","Abundance"
"MERLMER_juvenile","Depth",0.636690079381031,"juvenile","Abundance"
"MERLMER_adult","Depth",0.335051225059069,"adult","Abundance"
"MULLSUR_juvenile","Depth",0.706167051975123,"juvenile","Abundance"
"MULLSUR_adult","Depth",0.59633819309793,"adult","Abundance"
"PAGEACA_juvenile","Depth",0.493205412884539,"juvenile","Abundance"
"PAGEACA_adult","Depth",0.535847751258682,"adult","Abundance"
"SCOMPNE_juvenile","Depth",0.697642609001502,"juvenile","Abundance"
"SCOMPNE_adult","Depth",0.633773843601724,"adult","Abundance"
"MULLBAR_juvenile","Depth",0.743335958569683,"juvenile","Abundance"
"MULLBAR_adult","Depth",0.635653629927742,"adult","Abundance"
"PAGEERY_juvenile","Depth",0.637860739629525,"juvenile","Abundance"
"PAGEERY_adult","Depth",0.553122196145993,"adult","Abundance"
"SPARPAG_juvenile","Depth",0.552938248129689,"juvenile","Abundance"
"SPARPAG_adult","Depth",0.67071698160461,"adult","Abundance"
"TRIPLAS_juvenile","Depth",0.0597465872066091,"juvenile","Abundance"
"TRIPLAS_adult","Depth",0.100391419110409,"adult","Abundance"
"ASPICUC_juvenile","Depth",0.232667337239652,"juvenile","Abundance"
"ASPICUC_adult","Depth",0.484323839317229,"adult","Abundance"
"CITHMAC_juvenile","Depth",0.349581900707638,"juvenile","Abundance"
"CITHMAC_adult","Depth",0.316428884836395,"adult","Abundance"
"TRACMED_juvenile","Depth",0.472356184032371,"juvenile","Abundance"
"TRACMED_adult","Depth",0.600532647595731,"adult","Abundance"
"RAJAOXY_adult","Depth",0.239724891573929,"adult","Abundance"
"MICMPOU_juvenile","Depth",0.396326689279779,"juvenile","Abundance"
"MICMPOU_adult","Depth",0.38975896079801,"adult","Abundance"
"ENGRENC_juvenile","Depth",0.417183933536305,"juvenile","Abundance"
"ENGRENC_adult","Depth",0.463624725753389,"adult","Abundance"
"DIPLVUL_adult","Depth",0.689937479091022,"adult","Abundance"
"LEPMBOS_juvenile","Depth",0.178684458864844,"juvenile","Abundance"
"LEPMBOS_adult","Depth",0.217945315535877,"adult","Abundance"
"DIPLANN_juvenile","Depth",0.618585092337507,"juvenile","Abundance"
"DIPLANN_adult","Depth",0.677777935054765,"adult","Abundance"
"SARDPIL_juvenile","Depth",0.750332120834033,"juvenile","Abundance"
"SARDPIL_adult","Depth",0.798190788326566,"adult","Abundance"
"SCYMLIC_adult","Depth",0.10450529113971,"adult","Abundance"
"ZEUSFAB_juvenile","Depth",0.832608481569918,"juvenile","Abundance"
"ZEUSFAB_adult","Depth",0.887628292537628,"adult","Abundance"
"SPICMAE_adult","Depth",0.33084683234317,"adult","Abundance"
"SCOMSCO_juvenile","Depth",0.669491746402458,"juvenile","Abundance"
"SCOMSCO_adult","Depth",0.578523886704361,"adult","Abundance"
"LOPHPIS_juvenile","Depth",0.827356098732151,"juvenile","Abundance"
"LOPHPIS_adult","Depth",0.711597454101819,"adult","Abundance"
"TRIGLUC_juvenile","Depth",0.168509766849995,"juvenile","Abundance"
"TRIGLUC_adult","Depth",0.432561197666346,"adult","Abundance"
"TRISCAP_juvenile","Depth",0.42401286732866,"juvenile","Abundance"
"TRISCAP_adult","Depth",0.23193014243876,"adult","Abundance"
"SPICFLE_juvenile","Depth",0.577802279396096,"juvenile","Abundance"
"SPICFLE_adult","Depth",0.516524591748718,"adult","Abundance"
"SPICSMA_juvenile","Depth",0.352313626299675,"juvenile","Abundance"
"SPICSMA_adult","Depth",0.234112154173318,"adult","Abundance"
"SOLEVUL_juvenile","Depth",0.431895721172132,"juvenile","Abundance"
"SOLEVUL_adult","Depth",0.426739071803404,"adult","Abundance"
"RAJACLA_juvenile","Depth",0.422244275505922,"juvenile","Abundance"
"RAJACLA_adult","Depth",0.620275378657626,"adult","Abundance"
"ARNOLAT_adult","Depth",0.356192270906002,"adult","Abundance"
"BLENOCE_juvenile","Depth",0.428783523916519,"juvenile","Abundance"
"CAPOAPE_juvenile","Depth",0.532106452598563,"juvenile","Abundance"
"CAPOAPE_adult","Depth",0.463225737776675,"adult","Abundance"
"CEPOMAC_adult","Depth",0.357823302640702,"adult","Abundance"
"CONGCON_adult","Depth",0.583295109520373,"adult","Abundance"
"GOBIQUA_adult","Depth",0.647123416473623,"adult","Abundance"
"LEPTCAV_juvenile","Depth",0.395306929324653,"juvenile","Abundance"
"LEPTCAV_adult","Depth",0.367430688448313,"adult","Abundance"
"SERAHEP_juvenile","Depth",0.586337234102174,"juvenile","Abundance"
"SERAHEP_adult","Depth",0.575261635774375,"adult","Abundance"
"TRAHDRA_adult","Depth",0.261845112371223,"adult","Abundance"
"URANSCA_adult","Depth",0.347378549328101,"adult","Abundance"
"ARNORUP_adult","Depth",0.456019733314425,"adult","Abundance"
"ARNOTHO_juvenile","Depth",0.471169812466841,"juvenile","Abundance"
"GADIARG_adult","Depth",0.5117995181966,"adult","Abundance"
"LEPICAU_adult","Depth",0.400715139094315,"adult","Abundance"
"MACOSCO_adult","Depth",0.616232754087101,"adult","Abundance"
"SERACAB_juvenile","Depth",0.6213556024506,"juvenile","Abundance"
"SERACAB_adult","Depth",0.581643279272864,"adult","Abundance"
"SCORNOT_adult","Depth",0.50290305292987,"adult","Abundance"
"ARGRHEM_adult","Depth",0.134250332644696,"adult","Abundance"
"LAMACRO_juvenile","Depth",0.174508383385011,"juvenile","Abundance"
"LAMACRO_adult","Depth",0.122967388453949,"adult","Abundance"
"NEZUAEQ_juvenile","Depth",0.200440981985318,"juvenile","Abundance"
"COELCOE_juvenile","Depth",0.294622514260864,"juvenile","Abundance"
"HYMEITA_adult","Depth",0.243026025607163,"adult","Abundance"
"CALMPHA_juvenile","Depth",0.135357230047899,"juvenile","Abundance"
"CALMPHA_adult","Depth",0.104032619614561,"adult","Abundance"
"RAJAAST_adult","Depth",0.439509441690055,"adult","Abundance"
"TRIGLYR_juvenile","Depth",0.444727036397904,"juvenile","Abundance"
"SCORSCO_adult","Depth",0.551140200893255,"adult","Abundance"
"RAJAMIR_juvenile","Depth",0.394717044305353,"juvenile","Abundance"
"RAJAPOL_juvenile","Depth",0.558433150545007,"juvenile","Abundance"
"RAJAPOL_adult","Depth",0.789017071407459,"adult","Abundance"
"EUTRGUR_juvenile","Depth",0.129713217861385,"juvenile","Abundance"
"EUTRGUR_adult","Depth",0.115422566053963,"adult","Abundance"
"SQUABLA_juvenile","Depth",0.156232284987028,"juvenile","Abundance"
"SQUABLA_adult","Depth",0.216431205615802,"adult","Abundance"
"RAJABRA_juvenile","Depth",0.142128638103771,"juvenile","Abundance"
"SPRASPR_adult","Depth",0.658415126758703,"adult","Abundance"
"DIAPMET_adult","Depth",0.073469678206383,"adult","Abundance"
"GONODEN_adult","Depth",0.211208136658456,"adult","Abundance"
"ETMOSPI_juvenile","Temperature",0.136890609061976,"juvenile","Abundance"
"ETMOSPI_adult","Temperature",0.174580389522436,"adult","Abundance"
"GALUMEL_juvenile","Temperature",0.0557993211798367,"juvenile","Abundance"
"GALUMEL_adult","Temperature",0.0283025695389325,"adult","Abundance"
"HELIDAC_juvenile","Temperature",0.0468128869510999,"juvenile","Abundance"
"HELIDAC_adult","Temperature",0.0339879213995281,"adult","Abundance"
"LOPHBUD_juvenile","Temperature",0.18695028133064,"juvenile","Abundance"
"LOPHBUD_adult","Temperature",0.113489205811421,"adult","Abundance"
"PAGEBOG_juvenile","Temperature",0.142321177377525,"juvenile","Abundance"
"PAGEBOG_adult","Temperature",0.496790596848603,"adult","Abundance"
"PHYIBLE_juvenile","Temperature",0.101180670404256,"juvenile","Abundance"
"PHYIBLE_adult","Temperature",0.069154351454395,"adult","Abundance"
"TRACTRA_juvenile","Temperature",0.0288079680998762,"juvenile","Abundance"
"TRACTRA_adult","Temperature",0.0398733315959333,"adult","Abundance"
"SCYOCAN_juvenile","Temperature",0.0355312655324868,"juvenile","Abundance"
"SCYOCAN_adult","Temperature",0.0292774895884949,"adult","Abundance"
"TORPMAR_juvenile","Temperature",0.0627235623673871,"juvenile","Abundance"
"BOOPBOO_juvenile","Temperature",0.0269908746490728,"juvenile","Abundance"
"BOOPBOO_adult","Temperature",0.0245553276329134,"adult","Abundance"
"MERLMER_juvenile","Temperature",0.0253904373614343,"juvenile","Abundance"
"MERLMER_adult","Temperature",0.120688633059526,"adult","Abundance"
"MULLSUR_juvenile","Temperature",0.0172209114411786,"juvenile","Abundance"
"MULLSUR_adult","Temperature",0.00958179466614424,"adult","Abundance"
"PAGEACA_juvenile","Temperature",0.128175505149344,"juvenile","Abundance"
"PAGEACA_adult","Temperature",0.0821073490048889,"adult","Abundance"
"SCOMPNE_juvenile","Temperature",0.0472256415455974,"juvenile","Abundance"
"SCOMPNE_adult","Temperature",0.100791597199419,"adult","Abundance"
"MULLBAR_juvenile","Temperature",0.0197146382482906,"juvenile","Abundance"
"MULLBAR_adult","Temperature",0.00604660238898637,"adult","Abundance"
"PAGEERY_juvenile","Temperature",0.0560147801556126,"juvenile","Abundance"
"PAGEERY_adult","Temperature",0.0170459743422513,"adult","Abundance"
"SPARPAG_juvenile","Temperature",0.0333878079185017,"juvenile","Abundance"
"SPARPAG_adult","Temperature",0.0521017790955973,"adult","Abundance"
"TRIPLAS_juvenile","Temperature",0.0331529479650552,"juvenile","Abundance"
"TRIPLAS_adult","Temperature",0.010924319345093,"adult","Abundance"
"ASPICUC_juvenile","Temperature",0.0619863178094999,"juvenile","Abundance"
"ASPICUC_adult","Temperature",0.0585782111192662,"adult","Abundance"
"CITHMAC_juvenile","Temperature",0.0454710265048898,"juvenile","Abundance"
"CITHMAC_adult","Temperature",0.0187290713319682,"adult","Abundance"
"TRACMED_juvenile","Temperature",0.0179661389461997,"juvenile","Abundance"
"TRACMED_adult","Temperature",0.0258908105779269,"adult","Abundance"
"RAJAOXY_adult","Temperature",0.145751836901376,"adult","Abundance"
"MICMPOU_juvenile","Temperature",0.202330847929485,"juvenile","Abundance"
"MICMPOU_adult","Temperature",0.297703640002359,"adult","Abundance"
"ENGRENC_juvenile","Temperature",0.0471602622493802,"juvenile","Abundance"
"ENGRENC_adult","Temperature",0.0547339741171306,"adult","Abundance"
"DIPLVUL_adult","Temperature",0.0302443839201818,"adult","Abundance"
"LEPMBOS_juvenile","Temperature",0.202634437984177,"juvenile","Abundance"
"LEPMBOS_adult","Temperature",0.174282251846528,"adult","Abundance"
"DIPLANN_juvenile","Temperature",0.0279570515978838,"juvenile","Abundance"
"DIPLANN_adult","Temperature",0.0123478180523093,"adult","Abundance"
"SARDPIL_juvenile","Temperature",0.0166983946364199,"juvenile","Abundance"
"SARDPIL_adult","Temperature",0.00820474039137077,"adult","Abundance"
"SCYMLIC_adult","Temperature",0.252522469823701,"adult","Abundance"
"ZEUSFAB_juvenile","Temperature",0.00294176665549518,"juvenile","Abundance"
"ZEUSFAB_adult","Temperature",0.00732238003712381,"adult","Abundance"
"SPICMAE_adult","Temperature",0.0761086955023532,"adult","Abundance"
"SCOMSCO_juvenile","Temperature",0.0759457016610033,"juvenile","Abundance"
"SCOMSCO_adult","Temperature",0.0770412842118196,"adult","Abundance"
"LOPHPIS_juvenile","Temperature",0.0584341633498283,"juvenile","Abundance"
"LOPHPIS_adult","Temperature",0.0820892163313029,"adult","Abundance"
"TRIGLUC_juvenile","Temperature",0.0717354128832684,"juvenile","Abundance"
"TRIGLUC_adult","Temperature",0.0982053206161228,"adult","Abundance"
"TRISCAP_juvenile","Temperature",0.0528933992701284,"juvenile","Abundance"
"TRISCAP_adult","Temperature",0.109859188830855,"adult","Abundance"
"SPICFLE_juvenile","Temperature",0.00831971016765444,"juvenile","Abundance"
"SPICFLE_adult","Temperature",0.00509331379048876,"adult","Abundance"
"SPICSMA_juvenile","Temperature",0.00307327539643339,"juvenile","Abundance"
"SPICSMA_adult","Temperature",0.0215591700554213,"adult","Abundance"
"SOLEVUL_juvenile","Temperature",0.0680760103027707,"juvenile","Abundance"
"SOLEVUL_adult","Temperature",0.071444171295874,"adult","Abundance"
"RAJACLA_juvenile","Temperature",0.0107415780509146,"juvenile","Abundance"
"RAJACLA_adult","Temperature",0.0169375525334447,"adult","Abundance"
"ARNOLAT_adult","Temperature",0.269726034628832,"adult","Abundance"
"BLENOCE_juvenile","Temperature",0.146157461656679,"juvenile","Abundance"
"CAPOAPE_juvenile","Temperature",0.0696659825966672,"juvenile","Abundance"
"CAPOAPE_adult","Temperature",0.0768985094059863,"adult","Abundance"
"CEPOMAC_adult","Temperature",0.0856733898066414,"adult","Abundance"
"CONGCON_adult","Temperature",0.104966461494817,"adult","Abundance"
"GOBIQUA_adult","Temperature",0.1025689829656,"adult","Abundance"
"LEPTCAV_juvenile","Temperature",0.0479829307022047,"juvenile","Abundance"
"LEPTCAV_adult","Temperature",0.0510634105371519,"adult","Abundance"
"SERAHEP_juvenile","Temperature",0.0271790704464988,"juvenile","Abundance"
"SERAHEP_adult","Temperature",0.0237155551716475,"adult","Abundance"
"TRAHDRA_adult","Temperature",0.0356535868387152,"adult","Abundance"
"URANSCA_adult","Temperature",0.10822444661515,"adult","Abundance"
"ARNORUP_adult","Temperature",0.10653095177681,"adult","Abundance"
"ARNOTHO_juvenile","Temperature",0.232045616921844,"juvenile","Abundance"
"GADIARG_adult","Temperature",0.106113720128294,"adult","Abundance"
"LEPICAU_adult","Temperature",0.20746620022664,"adult","Abundance"
"MACOSCO_adult","Temperature",0.163179194551769,"adult","Abundance"
"SERACAB_juvenile","Temperature",0.0747664876236157,"juvenile","Abundance"
"SERACAB_adult","Temperature",0.0378712087221695,"adult","Abundance"
"SCORNOT_adult","Temperature",0.0572333359444754,"adult","Abundance"
"ARGRHEM_adult","Temperature",0.776153948000525,"adult","Abundance"
"LAMACRO_juvenile","Temperature",0.245852132937737,"juvenile","Abundance"
"LAMACRO_adult","Temperature",0.27840148426609,"adult","Abundance"
"NEZUAEQ_juvenile","Temperature",0.254240311836941,"juvenile","Abundance"
"COELCOE_juvenile","Temperature",0.28835599909836,"juvenile","Abundance"
"HYMEITA_adult","Temperature",0.364750686340402,"adult","Abundance"
"CALMPHA_juvenile","Temperature",0.135890420892707,"juvenile","Abundance"
"CALMPHA_adult","Temperature",0.125916856854694,"adult","Abundance"
"RAJAAST_adult","Temperature",0.0505881425612017,"adult","Abundance"
"TRIGLYR_juvenile","Temperature",0.18307646663889,"juvenile","Abundance"
"SCORSCO_adult","Temperature",0.0739879732223274,"adult","Abundance"
"RAJAMIR_juvenile","Temperature",0.0255679577652427,"juvenile","Abundance"
"RAJAPOL_juvenile","Temperature",0.0515555169503711,"juvenile","Abundance"
"RAJAPOL_adult","Temperature",0.0207560751830236,"adult","Abundance"
"EUTRGUR_juvenile","Temperature",0.0160511773084076,"juvenile","Abundance"
"EUTRGUR_adult","Temperature",0.0321875430352866,"adult","Abundance"
"SQUABLA_juvenile","Temperature",0.246925725201922,"juvenile","Abundance"
"SQUABLA_adult","Temperature",0.240902626775673,"adult","Abundance"
"RAJABRA_juvenile","Temperature",0.053070954289678,"juvenile","Abundance"
"SPRASPR_adult","Temperature",0.0596251678696901,"adult","Abundance"
"DIAPMET_adult","Temperature",0.196116472077779,"adult","Abundance"
"GONODEN_adult","Temperature",0.22566831653026,"adult","Abundance"
"ETMOSPI_juvenile","Salinity",0.00208352492620245,"juvenile","Abundance"
"ETMOSPI_adult","Salinity",0.00668327044177005,"adult","Abundance"
"GALUMEL_juvenile","Salinity",0.00658890218282766,"juvenile","Abundance"
"GALUMEL_adult","Salinity",0.00232426532717429,"adult","Abundance"
"HELIDAC_juvenile","Salinity",0.00190242567037499,"juvenile","Abundance"
"HELIDAC_adult","Salinity",0.013273063689864,"adult","Abundance"
"LOPHBUD_juvenile","Salinity",0.00236594311585969,"juvenile","Abundance"
"LOPHBUD_adult","Salinity",0.0019982089755496,"adult","Abundance"
"PAGEBOG_juvenile","Salinity",0.0104751990460908,"juvenile","Abundance"
"PAGEBOG_adult","Salinity",0.00431533662033383,"adult","Abundance"
"PHYIBLE_juvenile","Salinity",0.00497491072776105,"juvenile","Abundance"
"PHYIBLE_adult","Salinity",0.00176532746008974,"adult","Abundance"
"TRACTRA_juvenile","Salinity",0.00189517049489505,"juvenile","Abundance"
"TRACTRA_adult","Salinity",0.00672575133945897,"adult","Abundance"
"SCYOCAN_juvenile","Salinity",0.000988878634021681,"juvenile","Abundance"
"SCYOCAN_adult","Salinity",0.00379033607573413,"adult","Abundance"
"TORPMAR_juvenile","Salinity",0.00689319615507651,"juvenile","Abundance"
"BOOPBOO_juvenile","Salinity",0.00465629626175634,"juvenile","Abundance"
"BOOPBOO_adult","Salinity",0.00288645238019591,"adult","Abundance"
"MERLMER_juvenile","Salinity",0.000886500176194812,"juvenile","Abundance"
"MERLMER_adult","Salinity",0.000911752569128466,"adult","Abundance"
"MULLSUR_juvenile","Salinity",0.012405991152202,"juvenile","Abundance"
"MULLSUR_adult","Salinity",0.00506529267255854,"adult","Abundance"
"PAGEACA_juvenile","Salinity",0.0149993620292298,"juvenile","Abundance"
"PAGEACA_adult","Salinity",0.0244281650728103,"adult","Abundance"
"SCOMPNE_juvenile","Salinity",0.0399859308723232,"juvenile","Abundance"
"SCOMPNE_adult","Salinity",0.00924422906245891,"adult","Abundance"
"MULLBAR_juvenile","Salinity",0.0137439435047605,"juvenile","Abundance"
"MULLBAR_adult","Salinity",0.00185704356537829,"adult","Abundance"
"PAGEERY_juvenile","Salinity",0.00550866365713965,"juvenile","Abundance"
"PAGEERY_adult","Salinity",0.00116481125604033,"adult","Abundance"
"SPARPAG_juvenile","Salinity",0.00242701932503179,"juvenile","Abundance"
"SPARPAG_adult","Salinity",0.00381656993266041,"adult","Abundance"
"TRIPLAS_juvenile","Salinity",0.0244222564348282,"juvenile","Abundance"
"TRIPLAS_adult","Salinity",0.0224761361034806,"adult","Abundance"
"ASPICUC_juvenile","Salinity",0.00492017289904105,"juvenile","Abundance"
"ASPICUC_adult","Salinity",0.0165331395543013,"adult","Abundance"
"CITHMAC_juvenile","Salinity",0.019461832769982,"juvenile","Abundance"
"CITHMAC_adult","Salinity",0.00184756263176575,"adult","Abundance"
"TRACMED_juvenile","Salinity",0.00195774907504989,"juvenile","Abundance"
"TRACMED_adult","Salinity",0.00317045437170259,"adult","Abundance"
"RAJAOXY_adult","Salinity",0.0121294712058203,"adult","Abundance"
"MICMPOU_juvenile","Salinity",0.000939402377849092,"juvenile","Abundance"
"MICMPOU_adult","Salinity",0.00459149970807633,"adult","Abundance"
"ENGRENC_juvenile","Salinity",0.0058106923095801,"juvenile","Abundance"
"ENGRENC_adult","Salinity",0.0106763785999647,"adult","Abundance"
"DIPLVUL_adult","Salinity",0.0101430063832881,"adult","Abundance"
"LEPMBOS_juvenile","Salinity",0.0116724132990235,"juvenile","Abundance"
"LEPMBOS_adult","Salinity",0.0101121432791448,"adult","Abundance"
"DIPLANN_juvenile","Salinity",0.0160332183809213,"juvenile","Abundance"
"DIPLANN_adult","Salinity",0.0152000932481049,"adult","Abundance"
"SARDPIL_juvenile","Salinity",0.0159231059960965,"juvenile","Abundance"
"SARDPIL_adult","Salinity",0.00407875024001274,"adult","Abundance"
"SCYMLIC_adult","Salinity",0.0356858801624594,"adult","Abundance"
"ZEUSFAB_juvenile","Salinity",0.00104823972297127,"juvenile","Abundance"
"ZEUSFAB_adult","Salinity",0.00180252846406167,"adult","Abundance"
"SPICMAE_adult","Salinity",0.00599193367379455,"adult","Abundance"
"SCOMSCO_juvenile","Salinity",0.00780214564771483,"juvenile","Abundance"
"SCOMSCO_adult","Salinity",0.00816200639907518,"adult","Abundance"
"LOPHPIS_juvenile","Salinity",0.00137420002873694,"juvenile","Abundance"
"LOPHPIS_adult","Salinity",0.00387135497085865,"adult","Abundance"
"TRIGLUC_juvenile","Salinity",0.040836290587648,"juvenile","Abundance"
"TRIGLUC_adult","Salinity",0.0576318723706586,"adult","Abundance"
"TRISCAP_juvenile","Salinity",0.0260900814073535,"juvenile","Abundance"
"TRISCAP_adult","Salinity",0.014438857925569,"adult","Abundance"
"SPICFLE_juvenile","Salinity",0.00430797902116959,"juvenile","Abundance"
"SPICFLE_adult","Salinity",0.000684182910235923,"adult","Abundance"
"SPICSMA_juvenile","Salinity",0.00100182935965304,"juvenile","Abundance"
"SPICSMA_adult","Salinity",0.0155014391412859,"adult","Abundance"
"SOLEVUL_juvenile","Salinity",0.0133716041662772,"juvenile","Abundance"
"SOLEVUL_adult","Salinity",0.0146830082036999,"adult","Abundance"
"RAJACLA_juvenile","Salinity",0.00101786942223753,"juvenile","Abundance"
"RAJACLA_adult","Salinity",0.00196645207625774,"adult","Abundance"
"ARNOLAT_adult","Salinity",0.00989220995034426,"adult","Abundance"
"BLENOCE_juvenile","Salinity",0.0161276538641532,"juvenile","Abundance"
"CAPOAPE_juvenile","Salinity",0.0146908525298572,"juvenile","Abundance"
"CAPOAPE_adult","Salinity",0.0107457891241602,"adult","Abundance"
"CEPOMAC_adult","Salinity",0.0154303176691227,"adult","Abundance"
"CONGCON_adult","Salinity",0.0322143406951342,"adult","Abundance"
"GOBIQUA_adult","Salinity",0.00759063857783636,"adult","Abundance"
"LEPTCAV_juvenile","Salinity",0.00732770147803475,"juvenile","Abundance"
"LEPTCAV_adult","Salinity",0.0136636493262873,"adult","Abundance"
"SERAHEP_juvenile","Salinity",0.0184627471912696,"juvenile","Abundance"
"SERAHEP_adult","Salinity",0.019368650743244,"adult","Abundance"
"TRAHDRA_adult","Salinity",0.0131586012620687,"adult","Abundance"
"URANSCA_adult","Salinity",0.0203824074976941,"adult","Abundance"
"ARNORUP_adult","Salinity",0.0101510049016958,"adult","Abundance"
"ARNOTHO_juvenile","Salinity",0.0101126235264451,"juvenile","Abundance"
"GADIARG_adult","Salinity",0.0107083863008619,"adult","Abundance"
"LEPICAU_adult","Salinity",0.0129344299802386,"adult","Abundance"
"MACOSCO_adult","Salinity",0.00405081450549307,"adult","Abundance"
"SERACAB_juvenile","Salinity",0.0134484280696656,"juvenile","Abundance"
"SERACAB_adult","Salinity",0.00429256140557607,"adult","Abundance"
"SCORNOT_adult","Salinity",0.0454752952817537,"adult","Abundance"
"ARGRHEM_adult","Salinity",0.0115863618097667,"adult","Abundance"
"LAMACRO_juvenile","Salinity",0.0301900116023087,"juvenile","Abundance"
"LAMACRO_adult","Salinity",0.0343617268611948,"adult","Abundance"
"NEZUAEQ_juvenile","Salinity",0.024949190949985,"juvenile","Abundance"
"COELCOE_juvenile","Salinity",0.0148952680781989,"juvenile","Abundance"
"HYMEITA_adult","Salinity",0.00566827631476475,"adult","Abundance"
"CALMPHA_juvenile","Salinity",0.0399107519474697,"juvenile","Abundance"
"CALMPHA_adult","Salinity",0.0211016227783348,"adult","Abundance"
"RAJAAST_adult","Salinity",0.0124482322019934,"adult","Abundance"
"TRIGLYR_juvenile","Salinity",0.0111214334768277,"juvenile","Abundance"
"SCORSCO_adult","Salinity",0.0163750129183421,"adult","Abundance"
"RAJAMIR_juvenile","Salinity",0.0145606014571143,"juvenile","Abundance"
"RAJAPOL_juvenile","Salinity",0.00364003728353633,"juvenile","Abundance"
"RAJAPOL_adult","Salinity",0.00440764214759325,"adult","Abundance"
"EUTRGUR_juvenile","Salinity",0.00307516258391849,"juvenile","Abundance"
"EUTRGUR_adult","Salinity",0.0264916819570459,"adult","Abundance"
"SQUABLA_juvenile","Salinity",0.0148641924653415,"juvenile","Abundance"
"SQUABLA_adult","Salinity",0.0165930745436941,"adult","Abundance"
"RAJABRA_juvenile","Salinity",0.0281139202991503,"juvenile","Abundance"
"SPRASPR_adult","Salinity",0.0108314935053075,"adult","Abundance"
"DIAPMET_adult","Salinity",0.026717136717228,"adult","Abundance"
"GONODEN_adult","Salinity",0.0232977911453285,"adult","Abundance"
"ETMOSPI_juvenile","Chlorophyll a",0.00238447635336058,"juvenile","Abundance"
"ETMOSPI_adult","Chlorophyll a",0.00791955069788786,"adult","Abundance"
"GALUMEL_juvenile","Chlorophyll a",0.00577033371367898,"juvenile","Abundance"
"GALUMEL_adult","Chlorophyll a",0.0218368066825469,"adult","Abundance"
"HELIDAC_juvenile","Chlorophyll a",0.00092429906457744,"juvenile","Abundance"
"HELIDAC_adult","Chlorophyll a",0.0015122224063611,"adult","Abundance"
"LOPHBUD_juvenile","Chlorophyll a",0.0226122220786723,"juvenile","Abundance"
"LOPHBUD_adult","Chlorophyll a",0.00658882041131064,"adult","Abundance"
"PAGEBOG_juvenile","Chlorophyll a",0.00361055309330944,"juvenile","Abundance"
"PAGEBOG_adult","Chlorophyll a",0.0147494568237249,"adult","Abundance"
"PHYIBLE_juvenile","Chlorophyll a",0.0118530288263535,"juvenile","Abundance"
"PHYIBLE_adult","Chlorophyll a",0.00242177218050248,"adult","Abundance"
"TRACTRA_juvenile","Chlorophyll a",0.00332148134470612,"juvenile","Abundance"
"TRACTRA_adult","Chlorophyll a",0.0178978759005444,"adult","Abundance"
"SCYOCAN_juvenile","Chlorophyll a",0.0146388331570401,"juvenile","Abundance"
"SCYOCAN_adult","Chlorophyll a",0.0115841343558111,"adult","Abundance"
"TORPMAR_juvenile","Chlorophyll a",0.039477989393178,"juvenile","Abundance"
"BOOPBOO_juvenile","Chlorophyll a",0.00507462807039632,"juvenile","Abundance"
"BOOPBOO_adult","Chlorophyll a",0.00353284995160582,"adult","Abundance"
"MERLMER_juvenile","Chlorophyll a",0.00112405413396591,"juvenile","Abundance"
"MERLMER_adult","Chlorophyll a",0.00127616142685166,"adult","Abundance"
"MULLSUR_juvenile","Chlorophyll a",0.00870943004199629,"juvenile","Abundance"
"MULLSUR_adult","Chlorophyll a",0.00330671249407602,"adult","Abundance"
"PAGEACA_juvenile","Chlorophyll a",0.0123869824887325,"juvenile","Abundance"
"PAGEACA_adult","Chlorophyll a",0.00894023623058985,"adult","Abundance"
"SCOMPNE_juvenile","Chlorophyll a",0.0351825496005235,"juvenile","Abundance"
"SCOMPNE_adult","Chlorophyll a",0.0288607647167692,"adult","Abundance"
"MULLBAR_juvenile","Chlorophyll a",0.00259796506683278,"juvenile","Abundance"
"MULLBAR_adult","Chlorophyll a",0.00372612879805725,"adult","Abundance"
"PAGEERY_juvenile","Chlorophyll a",0.00804029453774784,"juvenile","Abundance"
"PAGEERY_adult","Chlorophyll a",0.00137368337818228,"adult","Abundance"
"SPARPAG_juvenile","Chlorophyll a",0.00473528741699333,"juvenile","Abundance"
"SPARPAG_adult","Chlorophyll a",0.00717118125756521,"adult","Abundance"
"TRIPLAS_juvenile","Chlorophyll a",0.010983335169957,"juvenile","Abundance"
"TRIPLAS_adult","Chlorophyll a",0.00960733528983133,"adult","Abundance"
"ASPICUC_juvenile","Chlorophyll a",0.00524472684360826,"juvenile","Abundance"
"ASPICUC_adult","Chlorophyll a",0.0077672500471195,"adult","Abundance"
"CITHMAC_juvenile","Chlorophyll a",0.01094346827987,"juvenile","Abundance"
"CITHMAC_adult","Chlorophyll a",0.0018012231379299,"adult","Abundance"
"TRACMED_juvenile","Chlorophyll a",0.00724507432177057,"juvenile","Abundance"
"TRACMED_adult","Chlorophyll a",0.00491327786641667,"adult","Abundance"
"RAJAOXY_adult","Chlorophyll a",0.0531961771317304,"adult","Abundance"
"MICMPOU_juvenile","Chlorophyll a",0.00903248859723326,"juvenile","Abundance"
"MICMPOU_adult","Chlorophyll a",0.00380545011184979,"adult","Abundance"
"ENGRENC_juvenile","Chlorophyll a",0.00732663215693225,"juvenile","Abundance"
"ENGRENC_adult","Chlorophyll a",0.00149947992947268,"adult","Abundance"
"DIPLVUL_adult","Chlorophyll a",0.0105831744009737,"adult","Abundance"
"LEPMBOS_juvenile","Chlorophyll a",0.0384258903436132,"juvenile","Abundance"
"LEPMBOS_adult","Chlorophyll a",0.129093737143259,"adult","Abundance"
"DIPLANN_juvenile","Chlorophyll a",0.00780875577444173,"juvenile","Abundance"
"DIPLANN_adult","Chlorophyll a",0.00809532055041387,"adult","Abundance"
"SARDPIL_juvenile","Chlorophyll a",0.00305179238634539,"juvenile","Abundance"
"SARDPIL_adult","Chlorophyll a",0.00952790335452955,"adult","Abundance"
"SCYMLIC_adult","Chlorophyll a",0.0828060286588206,"adult","Abundance"
"ZEUSFAB_juvenile","Chlorophyll a",0.0147713856806015,"juvenile","Abundance"
"ZEUSFAB_adult","Chlorophyll a",0.0118544474732115,"adult","Abundance"
"SPICMAE_adult","Chlorophyll a",0.0921972575502985,"adult","Abundance"
"SCOMSCO_juvenile","Chlorophyll a",0.0216201696349737,"juvenile","Abundance"
"SCOMSCO_adult","Chlorophyll a",0.011580296268652,"adult","Abundance"
"LOPHPIS_juvenile","Chlorophyll a",0.0100530145060764,"juvenile","Abundance"
"LOPHPIS_adult","Chlorophyll a",0.0115119744081141,"adult","Abundance"
"TRIGLUC_juvenile","Chlorophyll a",0.0164712099280077,"juvenile","Abundance"
"TRIGLUC_adult","Chlorophyll a",0.0171479944694953,"adult","Abundance"
"TRISCAP_juvenile","Chlorophyll a",0.0037824663963379,"juvenile","Abundance"
"TRISCAP_adult","Chlorophyll a",0.0176102386848911,"adult","Abundance"
"SPICFLE_juvenile","Chlorophyll a",0.05300429082215,"juvenile","Abundance"
"SPICFLE_adult","Chlorophyll a",0.0347964893580488,"adult","Abundance"
"SPICSMA_juvenile","Chlorophyll a",0.0456954409972574,"juvenile","Abundance"
"SPICSMA_adult","Chlorophyll a",0.0629647894080842,"adult","Abundance"
"SOLEVUL_juvenile","Chlorophyll a",0.015428526395006,"juvenile","Abundance"
"SOLEVUL_adult","Chlorophyll a",0.00929088350403135,"adult","Abundance"
"RAJACLA_juvenile","Chlorophyll a",0.0192076717191144,"juvenile","Abundance"
"RAJACLA_adult","Chlorophyll a",0.0111850693272032,"adult","Abundance"
"ARNOLAT_adult","Chlorophyll a",0.0377301921411963,"adult","Abundance"
"BLENOCE_juvenile","Chlorophyll a",0.0362598517470974,"juvenile","Abundance"
"CAPOAPE_juvenile","Chlorophyll a",0.0171446369964679,"juvenile","Abundance"
"CAPOAPE_adult","Chlorophyll a",0.0174462994804592,"adult","Abundance"
"CEPOMAC_adult","Chlorophyll a",0.0385479672834195,"adult","Abundance"
"CONGCON_adult","Chlorophyll a",0.019218845575077,"adult","Abundance"
"GOBIQUA_adult","Chlorophyll a",0.012425973177985,"adult","Abundance"
"LEPTCAV_juvenile","Chlorophyll a",0.0145128350487701,"juvenile","Abundance"
"LEPTCAV_adult","Chlorophyll a",0.0185428169809083,"adult","Abundance"
"SERAHEP_juvenile","Chlorophyll a",0.00318453631951697,"juvenile","Abundance"
"SERAHEP_adult","Chlorophyll a",0.00274482930304588,"adult","Abundance"
"TRAHDRA_adult","Chlorophyll a",0.0531629557172866,"adult","Abundance"
"URANSCA_adult","Chlorophyll a",0.037219727401378,"adult","Abundance"
"ARNORUP_adult","Chlorophyll a",0.02412071677818,"adult","Abundance"
"ARNOTHO_juvenile","Chlorophyll a",0.0789783104642249,"juvenile","Abundance"
"GADIARG_adult","Chlorophyll a",0.0575735159125163,"adult","Abundance"
"LEPICAU_adult","Chlorophyll a",0.0750108085086823,"adult","Abundance"
"MACOSCO_adult","Chlorophyll a",0.00535960277329681,"adult","Abundance"
"SERACAB_juvenile","Chlorophyll a",0.0126400310424584,"juvenile","Abundance"
"SERACAB_adult","Chlorophyll a",0.00505685754191102,"adult","Abundance"
"SCORNOT_adult","Chlorophyll a",0.0125337475798305,"adult","Abundance"
"ARGRHEM_adult","Chlorophyll a",0.00745475241766655,"adult","Abundance"
"LAMACRO_juvenile","Chlorophyll a",0.112417374091605,"juvenile","Abundance"
"LAMACRO_adult","Chlorophyll a",0.139960630276575,"adult","Abundance"
"NEZUAEQ_juvenile","Chlorophyll a",0.0747441551391893,"juvenile","Abundance"
"COELCOE_juvenile","Chlorophyll a",0.0438813127588688,"juvenile","Abundance"
"HYMEITA_adult","Chlorophyll a",0.016135135139143,"adult","Abundance"
"CALMPHA_juvenile","Chlorophyll a",0.06139133769717,"juvenile","Abundance"
"CALMPHA_adult","Chlorophyll a",0.038245766826727,"adult","Abundance"
"RAJAAST_adult","Chlorophyll a",0.0145941947249413,"adult","Abundance"
"TRIGLYR_juvenile","Chlorophyll a",0.0489011963169146,"juvenile","Abundance"
"SCORSCO_adult","Chlorophyll a",0.035244567409419,"adult","Abundance"
"RAJAMIR_juvenile","Chlorophyll a",0.0171708808320344,"juvenile","Abundance"
"RAJAPOL_juvenile","Chlorophyll a",0.0123042111526489,"juvenile","Abundance"
"RAJAPOL_adult","Chlorophyll a",0.0164084791865555,"adult","Abundance"
"EUTRGUR_juvenile","Chlorophyll a",0.0460357465962882,"juvenile","Abundance"
"EUTRGUR_adult","Chlorophyll a",0.0339961413077568,"adult","Abundance"
"SQUABLA_juvenile","Chlorophyll a",0.0796039586241687,"juvenile","Abundance"
"SQUABLA_adult","Chlorophyll a",0.0936564957006742,"adult","Abundance"
"RAJABRA_juvenile","Chlorophyll a",0.0227611605752914,"juvenile","Abundance"
"SPRASPR_adult","Chlorophyll a",0.00639692779253137,"adult","Abundance"
"DIAPMET_adult","Chlorophyll a",0.0698074722835593,"adult","Abundance"
"GONODEN_adult","Chlorophyll a",0.0746883368531842,"adult","Abundance"
"ETMOSPI_juvenile","Human pressures",0.0117484592989023,"juvenile","Abundance"
"ETMOSPI_adult","Human pressures",0.00965206902850016,"adult","Abundance"
"GALUMEL_juvenile","Human pressures",0.032848782508831,"juvenile","Abundance"
"GALUMEL_adult","Human pressures",0.00393083916202241,"adult","Abundance"
"HELIDAC_juvenile","Human pressures",0.0145335235279022,"juvenile","Abundance"
"HELIDAC_adult","Human pressures",0.00222870191755763,"adult","Abundance"
"LOPHBUD_juvenile","Human pressures",0.00594608370874308,"juvenile","Abundance"
"LOPHBUD_adult","Human pressures",0.00590908122483392,"adult","Abundance"
"PAGEBOG_juvenile","Human pressures",0.02398575883629,"juvenile","Abundance"
"PAGEBOG_adult","Human pressures",0.0122930092499892,"adult","Abundance"
"PHYIBLE_juvenile","Human pressures",0.00500729479359594,"juvenile","Abundance"
"PHYIBLE_adult","Human pressures",0.00140711520553278,"adult","Abundance"
"TRACTRA_juvenile","Human pressures",0.00104123687872446,"juvenile","Abundance"
"TRACTRA_adult","Human pressures",0.00197098535210084,"adult","Abundance"
"SCYOCAN_juvenile","Human pressures",0.143014019433552,"juvenile","Abundance"
"SCYOCAN_adult","Human pressures",0.0306893692564727,"adult","Abundance"
"TORPMAR_juvenile","Human pressures",0.073087363017858,"juvenile","Abundance"
"BOOPBOO_juvenile","Human pressures",0.00933848558496251,"juvenile","Abundance"
"BOOPBOO_adult","Human pressures",0.00342145318270056,"adult","Abundance"
"MERLMER_juvenile","Human pressures",0.00394024258517921,"juvenile","Abundance"
"MERLMER_adult","Human pressures",0.00473969209452648,"adult","Abundance"
"MULLSUR_juvenile","Human pressures",0.0723280156458393,"juvenile","Abundance"
"MULLSUR_adult","Human pressures",0.10218926348527,"adult","Abundance"
"PAGEACA_juvenile","Human pressures",0.018853611618882,"juvenile","Abundance"
"PAGEACA_adult","Human pressures",0.0217740428556645,"adult","Abundance"
"SCOMPNE_juvenile","Human pressures",0.0597251916235876,"juvenile","Abundance"
"SCOMPNE_adult","Human pressures",0.0381137369582361,"adult","Abundance"
"MULLBAR_juvenile","Human pressures",0.00875788578061387,"juvenile","Abundance"
"MULLBAR_adult","Human pressures",0.00342148136093426,"adult","Abundance"
"PAGEERY_juvenile","Human pressures",0.0116658926920137,"juvenile","Abundance"
"PAGEERY_adult","Human pressures",0.00697760109582706,"adult","Abundance"
"SPARPAG_juvenile","Human pressures",0.0913724798122537,"juvenile","Abundance"
"SPARPAG_adult","Human pressures",0.0814842117167597,"adult","Abundance"
"TRIPLAS_juvenile","Human pressures",0.0586356331159954,"juvenile","Abundance"
"TRIPLAS_adult","Human pressures",0.0877851451294153,"adult","Abundance"
"ASPICUC_juvenile","Human pressures",0.116283761342824,"juvenile","Abundance"
"ASPICUC_adult","Human pressures",0.0686610522497586,"adult","Abundance"
"CITHMAC_juvenile","Human pressures",0.0486188619048456,"juvenile","Abundance"
"CITHMAC_adult","Human pressures",0.0868258942776201,"adult","Abundance"
"TRACMED_juvenile","Human pressures",0.021013498896793,"juvenile","Abundance"
"TRACMED_adult","Human pressures",0.0150212746481997,"adult","Abundance"
"RAJAOXY_adult","Human pressures",0.110102172225033,"adult","Abundance"
"MICMPOU_juvenile","Human pressures",0.00528895544888683,"juvenile","Abundance"
"MICMPOU_adult","Human pressures",0.00792319583262993,"adult","Abundance"
"ENGRENC_juvenile","Human pressures",0.0381250826060671,"juvenile","Abundance"
"ENGRENC_adult","Human pressures",0.0278950525618175,"adult","Abundance"
"DIPLVUL_adult","Human pressures",0.025525683782716,"adult","Abundance"
"LEPMBOS_juvenile","Human pressures",0.0469763293427115,"juvenile","Abundance"
"LEPMBOS_adult","Human pressures",0.0225685954633646,"adult","Abundance"
"DIPLANN_juvenile","Human pressures",0.0401554404228048,"juvenile","Abundance"
"DIPLANN_adult","Human pressures",0.0155594161988188,"adult","Abundance"
"SARDPIL_juvenile","Human pressures",0.0269224223938212,"juvenile","Abundance"
"SARDPIL_adult","Human pressures",0.0272460125738061,"adult","Abundance"
"SCYMLIC_adult","Human pressures",0.0501341472764336,"adult","Abundance"
"ZEUSFAB_juvenile","Human pressures",0.0305053952068559,"juvenile","Abundance"
"ZEUSFAB_adult","Human pressures",0.0476005958109408,"adult","Abundance"
"SPICMAE_adult","Human pressures",0.0140129549918547,"adult","Abundance"
"SCOMSCO_juvenile","Human pressures",0.0174022985144069,"juvenile","Abundance"
"SCOMSCO_adult","Human pressures",0.0181196856150464,"adult","Abundance"
"LOPHPIS_juvenile","Human pressures",0.015913086801575,"juvenile","Abundance"
"LOPHPIS_adult","Human pressures",0.00737941418629525,"adult","Abundance"
"TRIGLUC_juvenile","Human pressures",0.0661337436827281,"juvenile","Abundance"
"TRIGLUC_adult","Human pressures",0.073401711209806,"adult","Abundance"
"TRISCAP_juvenile","Human pressures",0.0955811304378518,"juvenile","Abundance"
"TRISCAP_adult","Human pressures",0.0515962466837975,"adult","Abundance"
"SPICFLE_juvenile","Human pressures",0.00446838934917596,"juvenile","Abundance"
"SPICFLE_adult","Human pressures",0.00414520761872129,"adult","Abundance"
"SPICSMA_juvenile","Human pressures",0.00643545596132675,"juvenile","Abundance"
"SPICSMA_adult","Human pressures",0.033128728295556,"adult","Abundance"
"SOLEVUL_juvenile","Human pressures",0.139820144692668,"juvenile","Abundance"
"SOLEVUL_adult","Human pressures",0.0922454886318328,"adult","Abundance"
"RAJACLA_juvenile","Human pressures",0.121277714030801,"juvenile","Abundance"
"RAJACLA_adult","Human pressures",0.118063351703998,"adult","Abundance"
"ARNOLAT_adult","Human pressures",0.0711285292618877,"adult","Abundance"
"BLENOCE_juvenile","Human pressures",0.0709221517104004,"juvenile","Abundance"
"CAPOAPE_juvenile","Human pressures",0.0116715286856141,"juvenile","Abundance"
"CAPOAPE_adult","Human pressures",0.0164720297411879,"adult","Abundance"
"CEPOMAC_adult","Human pressures",0.040337902861638,"adult","Abundance"
"CONGCON_adult","Human pressures",0.0200517175706611,"adult","Abundance"
"GOBIQUA_adult","Human pressures",0.0398727794422742,"adult","Abundance"
"LEPTCAV_juvenile","Human pressures",0.0366768934737977,"juvenile","Abundance"
"LEPTCAV_adult","Human pressures",0.0384436748868227,"adult","Abundance"
"SERAHEP_juvenile","Human pressures",0.038024610710587,"juvenile","Abundance"
"SERAHEP_adult","Human pressures",0.0422339877680189,"adult","Abundance"
"TRAHDRA_adult","Human pressures",0.063279272578101,"adult","Abundance"
"URANSCA_adult","Human pressures",0.0288912667000013,"adult","Abundance"
"ARNORUP_adult","Human pressures",0.0465130683182754,"adult","Abundance"
"ARNOTHO_juvenile","Human pressures",0.101708179232619,"juvenile","Abundance"
"GADIARG_adult","Human pressures",0.040160960022085,"adult","Abundance"
"LEPICAU_adult","Human pressures",0.0292753242471427,"adult","Abundance"
"MACOSCO_adult","Human pressures",0.0163873264543538,"adult","Abundance"
"SERACAB_juvenile","Human pressures",0.0668929044225463,"juvenile","Abundance"
"SERACAB_adult","Human pressures",0.0948487283995149,"adult","Abundance"
"SCORNOT_adult","Human pressures",0.0413326643004861,"adult","Abundance"
"ARGRHEM_adult","Human pressures",0.00956213151451528,"adult","Abundance"
"LAMACRO_juvenile","Human pressures",0.0598562285571703,"juvenile","Abundance"
"LAMACRO_adult","Human pressures",0.0452645063203905,"adult","Abundance"
"NEZUAEQ_juvenile","Human pressures",0.0281206399756274,"juvenile","Abundance"
"COELCOE_juvenile","Human pressures",0.0795119727346228,"juvenile","Abundance"
"HYMEITA_adult","Human pressures",0.149731340860977,"adult","Abundance"
"CALMPHA_juvenile","Human pressures",0.0578145103895677,"juvenile","Abundance"
"CALMPHA_adult","Human pressures",0.0484477064546704,"adult","Abundance"
"RAJAAST_adult","Human pressures",0.0847289721092668,"adult","Abundance"
"TRIGLYR_juvenile","Human pressures",0.0487604080363585,"juvenile","Abundance"
"SCORSCO_adult","Human pressures",0.0546447316876669,"adult","Abundance"
"RAJAMIR_juvenile","Human pressures",0.0477676921033343,"juvenile","Abundance"
"RAJAPOL_juvenile","Human pressures",0.10531135161566,"juvenile","Abundance"
"RAJAPOL_adult","Human pressures",0.0921148751343555,"adult","Abundance"
"EUTRGUR_juvenile","Human pressures",0.0663188405755061,"juvenile","Abundance"
"EUTRGUR_adult","Human pressures",0.063026996216746,"adult","Abundance"
"SQUABLA_juvenile","Human pressures",0.0322403357619668,"juvenile","Abundance"
"SQUABLA_adult","Human pressures",0.0412280768496477,"adult","Abundance"
"RAJABRA_juvenile","Human pressures",0.0809472396504649,"juvenile","Abundance"
"SPRASPR_adult","Human pressures",0.0268716251270342,"adult","Abundance"
"DIAPMET_adult","Human pressures",0.0547014731196438,"adult","Abundance"
"GONODEN_adult","Human pressures",0.123778923864487,"adult","Abundance"
"ETMOSPI_juvenile","Year",0.14299038778954,"juvenile","Abundance"
"ETMOSPI_adult","Year",0.166001212974338,"adult","Abundance"
"GALUMEL_juvenile","Year",0.0259937598969123,"juvenile","Abundance"
"GALUMEL_adult","Year",0.00861980984926833,"adult","Abundance"
"HELIDAC_juvenile","Year",0.0025923714811261,"juvenile","Abundance"
"HELIDAC_adult","Year",0.0317852121462965,"adult","Abundance"
"LOPHBUD_juvenile","Year",0.0478676500433045,"juvenile","Abundance"
"LOPHBUD_adult","Year",0.0502912827555221,"adult","Abundance"
"PAGEBOG_juvenile","Year",0.00979596280198095,"juvenile","Abundance"
"PAGEBOG_adult","Year",0.0300124452207088,"adult","Abundance"
"PHYIBLE_juvenile","Year",0.0843525330804257,"juvenile","Abundance"
"PHYIBLE_adult","Year",0.140773275570894,"adult","Abundance"
"TRACTRA_juvenile","Year",0.164744003360188,"juvenile","Abundance"
"TRACTRA_adult","Year",0.0706345473504441,"adult","Abundance"
"SCYOCAN_juvenile","Year",0.00852606067901295,"juvenile","Abundance"
"SCYOCAN_adult","Year",0.0113259467669909,"adult","Abundance"
"TORPMAR_juvenile","Year",0.166878815252257,"juvenile","Abundance"
"BOOPBOO_juvenile","Year",0.0786657350784956,"juvenile","Abundance"
"BOOPBOO_adult","Year",0.0210151290208726,"adult","Abundance"
"MERLMER_juvenile","Year",0.0327488051185452,"juvenile","Abundance"
"MERLMER_adult","Year",0.112171402944196,"adult","Abundance"
"MULLSUR_juvenile","Year",0.0683687891789232,"juvenile","Abundance"
"MULLSUR_adult","Year",0.00322714873222165,"adult","Abundance"
"PAGEACA_juvenile","Year",0.00967171830573418,"juvenile","Abundance"
"PAGEACA_adult","Year",0.00343756043619116,"adult","Abundance"
"SCOMPNE_juvenile","Year",0.0492754227307038,"juvenile","Abundance"
"SCOMPNE_adult","Year",0.102080818592069,"adult","Abundance"
"MULLBAR_juvenile","Year",0.0312544345622762,"juvenile","Abundance"
"MULLBAR_adult","Year",0.0418518441013227,"adult","Abundance"
"PAGEERY_juvenile","Year",0.0126736127467191,"juvenile","Abundance"
"PAGEERY_adult","Year",0.050096831551201,"adult","Abundance"
"SPARPAG_juvenile","Year",0.0621084342568263,"juvenile","Abundance"
"SPARPAG_adult","Year",0.0545007182110088,"adult","Abundance"
"TRIPLAS_juvenile","Year",0.105619447618276,"juvenile","Abundance"
"TRIPLAS_adult","Year",0.0422503274166744,"adult","Abundance"
"ASPICUC_juvenile","Year",0.0810305730982861,"juvenile","Abundance"
"ASPICUC_adult","Year",0.261318552833049,"adult","Abundance"
"CITHMAC_juvenile","Year",0.0841358934121311,"juvenile","Abundance"
"CITHMAC_adult","Year",0.0702394099893726,"adult","Abundance"
"TRACMED_juvenile","Year",0.0651902819889798,"juvenile","Abundance"
"TRACMED_adult","Year",0.00768487111331875,"adult","Abundance"
"RAJAOXY_adult","Year",0.110076564826829,"adult","Abundance"
"MICMPOU_juvenile","Year",0.0523285947898826,"juvenile","Abundance"
"MICMPOU_adult","Year",0.111135497156632,"adult","Abundance"
"ENGRENC_juvenile","Year",0.170006010848317,"juvenile","Abundance"
"ENGRENC_adult","Year",0.207622837359195,"adult","Abundance"
"DIPLVUL_adult","Year",0.0528621644705781,"adult","Abundance"
"LEPMBOS_juvenile","Year",0.0355047113250504,"juvenile","Abundance"
"LEPMBOS_adult","Year",0.0113311844663929,"adult","Abundance"
"DIPLANN_juvenile","Year",0.0190244549449844,"juvenile","Abundance"
"DIPLANN_adult","Year",0.00903839454060821,"adult","Abundance"
"SARDPIL_juvenile","Year",0.0566815547642566,"juvenile","Abundance"
"SARDPIL_adult","Year",0.0142858194929796,"adult","Abundance"
"SCYMLIC_adult","Year",0.224559493901091,"adult","Abundance"
"ZEUSFAB_juvenile","Year",0.0271475048713317,"juvenile","Abundance"
"ZEUSFAB_adult","Year",0.00543144872592815,"adult","Abundance"
"SPICMAE_adult","Year",0.0334257755325426,"adult","Abundance"
"SCOMSCO_juvenile","Year",0.020009378935684,"juvenile","Abundance"
"SCOMSCO_adult","Year",0.197751082705901,"adult","Abundance"
"LOPHPIS_juvenile","Year",0.0136095039908317,"juvenile","Abundance"
"LOPHPIS_adult","Year",0.0304556257427917,"adult","Abundance"
"TRIGLUC_juvenile","Year",0.478537177613625,"juvenile","Abundance"
"TRIGLUC_adult","Year",0.207610752723072,"adult","Abundance"
"TRISCAP_juvenile","Year",0.063012213844689,"juvenile","Abundance"
"TRISCAP_adult","Year",0.025657478539998,"adult","Abundance"
"SPICFLE_juvenile","Year",0.00751860331484212,"juvenile","Abundance"
"SPICFLE_adult","Year",0.0250328407099351,"adult","Abundance"
"SPICSMA_juvenile","Year",0.0134951323531127,"juvenile","Abundance"
"SPICSMA_adult","Year",0.0317186489736108,"adult","Abundance"
"SOLEVUL_juvenile","Year",0.0933071435578382,"juvenile","Abundance"
"SOLEVUL_adult","Year",0.0986037457772615,"adult","Abundance"
"RAJACLA_juvenile","Year",0.0102923141331094,"juvenile","Abundance"
"RAJACLA_adult","Year",0.00884592747284791,"adult","Abundance"
"ARNOLAT_adult","Year",0.0686162492381361,"adult","Abundance"
"BLENOCE_juvenile","Year",0.0345362802708045,"juvenile","Abundance"
"CAPOAPE_juvenile","Year",0.0136418228384466,"juvenile","Abundance"
"CAPOAPE_adult","Year",0.0229124689966553,"adult","Abundance"
"CEPOMAC_adult","Year",0.164652983977221,"adult","Abundance"
"CONGCON_adult","Year",0.0519546183520133,"adult","Abundance"
"GOBIQUA_adult","Year",0.0480052720534393,"adult","Abundance"
"LEPTCAV_juvenile","Year",0.0330687080351848,"juvenile","Abundance"
"LEPTCAV_adult","Year",0.0651838583693734,"adult","Abundance"
"SERAHEP_juvenile","Year",0.0269749497483422,"juvenile","Abundance"
"SERAHEP_adult","Year",0.0244513457920113,"adult","Abundance"
"TRAHDRA_adult","Year",0.0987730132500673,"adult","Abundance"
"URANSCA_adult","Year",0.0673027772364117,"adult","Abundance"
"ARNORUP_adult","Year",0.233738614227862,"adult","Abundance"
"ARNOTHO_juvenile","Year",0.0345871133903407,"juvenile","Abundance"
"GADIARG_adult","Year",0.0196149287706147,"adult","Abundance"
"LEPICAU_adult","Year",0.0411238165791157,"adult","Abundance"
"MACOSCO_adult","Year",0.0567146393288039,"adult","Abundance"
"SERACAB_juvenile","Year",0.0726643655109252,"juvenile","Abundance"
"SERACAB_adult","Year",0.0689932958077421,"adult","Abundance"
"SCORNOT_adult","Year",0.0250736682767586,"adult","Abundance"
"ARGRHEM_adult","Year",0.0152011369240162,"adult","Abundance"
"LAMACRO_juvenile","Year",0.0351893293801982,"juvenile","Abundance"
"LAMACRO_adult","Year",0.0523112136468962,"adult","Abundance"
"NEZUAEQ_juvenile","Year",0.0432086683915702,"juvenile","Abundance"
"COELCOE_juvenile","Year",0.0330823771092295,"juvenile","Abundance"
"HYMEITA_adult","Year",0.153363044848529,"adult","Abundance"
"CALMPHA_juvenile","Year",0.0541318404956065,"juvenile","Abundance"
"CALMPHA_adult","Year",0.0209023174093532,"adult","Abundance"
"RAJAAST_adult","Year",0.120416230752656,"adult","Abundance"
"TRIGLYR_juvenile","Year",0.0699574922259417,"juvenile","Abundance"
"SCORSCO_adult","Year",0.0118896115408802,"adult","Abundance"
"RAJAMIR_juvenile","Year",0.0308997307934027,"juvenile","Abundance"
"RAJAPOL_juvenile","Year",0.0323905782912704,"juvenile","Abundance"
"RAJAPOL_adult","Year",0.0270056385353335,"adult","Abundance"
"EUTRGUR_juvenile","Year",0.129065558466496,"juvenile","Abundance"
"EUTRGUR_adult","Year",0.110107009035056,"adult","Abundance"
"SQUABLA_juvenile","Year",0.036209820979705,"juvenile","Abundance"
"SQUABLA_adult","Year",0.0420245571360569,"adult","Abundance"
"RAJABRA_juvenile","Year",0.521977832090773,"juvenile","Abundance"
"SPRASPR_adult","Year",0.106719968078555,"adult","Abundance"
"DIAPMET_adult","Year",0.152699692759982,"adult","Abundance"
"GONODEN_adult","Year",0.0391346253669187,"adult","Abundance"
"ETMOSPI_juvenile","Grid cell",0.559605553772704,"juvenile","Abundance"
"ETMOSPI_adult","Grid cell",0.435955994949416,"adult","Abundance"
"GALUMEL_juvenile","Grid cell",0.764065336460909,"juvenile","Abundance"
"GALUMEL_adult","Grid cell",0.802545811128433,"adult","Abundance"
"HELIDAC_juvenile","Grid cell",0.857585516834561,"juvenile","Abundance"
"HELIDAC_adult","Grid cell",0.694517663720479,"adult","Abundance"
"LOPHBUD_juvenile","Grid cell",0.310881591177553,"juvenile","Abundance"
"LOPHBUD_adult","Grid cell",0.216129524431382,"adult","Abundance"
"PAGEBOG_juvenile","Grid cell",0.291423190033872,"juvenile","Abundance"
"PAGEBOG_adult","Grid cell",0.245246936560521,"adult","Abundance"
"PHYIBLE_juvenile","Grid cell",0.511466129536043,"juvenile","Abundance"
"PHYIBLE_adult","Grid cell",0.549892742791135,"adult","Abundance"
"TRACTRA_juvenile","Grid cell",0.119575604601991,"juvenile","Abundance"
"TRACTRA_adult","Grid cell",0.248312978423893,"adult","Abundance"
"SCYOCAN_juvenile","Grid cell",0.425800491587316,"juvenile","Abundance"
"SCYOCAN_adult","Grid cell",0.569823204583952,"adult","Abundance"
"TORPMAR_juvenile","Grid cell",0.0949398709613023,"juvenile","Abundance"
"BOOPBOO_juvenile","Grid cell",0.215002008869216,"juvenile","Abundance"
"BOOPBOO_adult","Grid cell",0.252230981082751,"adult","Abundance"
"MERLMER_juvenile","Grid cell",0.299219881243648,"juvenile","Abundance"
"MERLMER_adult","Grid cell",0.425161132846703,"adult","Abundance"
"MULLSUR_juvenile","Grid cell",0.114799810564738,"juvenile","Abundance"
"MULLSUR_adult","Grid cell",0.2802915948518,"adult","Abundance"
"PAGEACA_juvenile","Grid cell",0.322707407523538,"juvenile","Abundance"
"PAGEACA_adult","Grid cell",0.323464895141172,"adult","Abundance"
"SCOMPNE_juvenile","Grid cell",0.0709626546257606,"juvenile","Abundance"
"SCOMPNE_adult","Grid cell",0.0871350098693213,"adult","Abundance"
"MULLBAR_juvenile","Grid cell",0.180595174267545,"juvenile","Abundance"
"MULLBAR_adult","Grid cell",0.307443269857579,"adult","Abundance"
"PAGEERY_juvenile","Grid cell",0.268236016581241,"juvenile","Abundance"
"PAGEERY_adult","Grid cell",0.370218902230504,"adult","Abundance"
"SPARPAG_juvenile","Grid cell",0.253030723140703,"juvenile","Abundance"
"SPARPAG_adult","Grid cell",0.130208558181799,"adult","Abundance"
"TRIPLAS_juvenile","Grid cell",0.707439792489278,"juvenile","Abundance"
"TRIPLAS_adult","Grid cell",0.726565317605097,"adult","Abundance"
"ASPICUC_juvenile","Grid cell",0.497867110767088,"juvenile","Abundance"
"ASPICUC_adult","Grid cell",0.102817954879278,"adult","Abundance"
"CITHMAC_juvenile","Grid cell",0.441787016420643,"juvenile","Abundance"
"CITHMAC_adult","Grid cell",0.504127953794949,"adult","Abundance"
"TRACMED_juvenile","Grid cell",0.414271072738837,"juvenile","Abundance"
"TRACMED_adult","Grid cell",0.342786663826704,"adult","Abundance"
"RAJAOXY_adult","Grid cell",0.32901888613528,"adult","Abundance"
"MICMPOU_juvenile","Grid cell",0.333753021576885,"juvenile","Abundance"
"MICMPOU_adult","Grid cell",0.185081756390442,"adult","Abundance"
"ENGRENC_juvenile","Grid cell",0.314387386293419,"juvenile","Abundance"
"ENGRENC_adult","Grid cell",0.23394755167903,"adult","Abundance"
"DIPLVUL_adult","Grid cell",0.180704107951239,"adult","Abundance"
"LEPMBOS_juvenile","Grid cell",0.486101758840579,"juvenile","Abundance"
"LEPMBOS_adult","Grid cell",0.434666772265434,"adult","Abundance"
"DIPLANN_juvenile","Grid cell",0.270435986541457,"juvenile","Abundance"
"DIPLANN_adult","Grid cell",0.261981022354979,"adult","Abundance"
"SARDPIL_juvenile","Grid cell",0.130390608989029,"juvenile","Abundance"
"SARDPIL_adult","Grid cell",0.138465985620734,"adult","Abundance"
"SCYMLIC_adult","Grid cell",0.249786689037785,"adult","Abundance"
"ZEUSFAB_juvenile","Grid cell",0.0909772262928268,"juvenile","Abundance"
"ZEUSFAB_adult","Grid cell",0.038360306951105,"adult","Abundance"
"SPICMAE_adult","Grid cell",0.447416550405987,"adult","Abundance"
"SCOMSCO_juvenile","Grid cell",0.187728559203759,"juvenile","Abundance"
"SCOMSCO_adult","Grid cell",0.108821758095146,"adult","Abundance"
"LOPHPIS_juvenile","Grid cell",0.0732599325907991,"juvenile","Abundance"
"LOPHPIS_adult","Grid cell",0.153094960258818,"adult","Abundance"
"TRIGLUC_juvenile","Grid cell",0.157776398454728,"juvenile","Abundance"
"TRIGLUC_adult","Grid cell",0.113441150944499,"adult","Abundance"
"TRISCAP_juvenile","Grid cell",0.334627841314979,"juvenile","Abundance"
"TRISCAP_adult","Grid cell",0.548907846896131,"adult","Abundance"
"SPICFLE_juvenile","Grid cell",0.344578747928913,"juvenile","Abundance"
"SPICFLE_adult","Grid cell",0.413723373863852,"adult","Abundance"
"SPICSMA_juvenile","Grid cell",0.577985239632541,"juvenile","Abundance"
"SPICSMA_adult","Grid cell",0.601015069952724,"adult","Abundance"
"SOLEVUL_juvenile","Grid cell",0.238100849713309,"juvenile","Abundance"
"SOLEVUL_adult","Grid cell",0.286993630783896,"adult","Abundance"
"RAJACLA_juvenile","Grid cell",0.415218577137901,"juvenile","Abundance"
"RAJACLA_adult","Grid cell",0.222726268228624,"adult","Abundance"
"ARNOLAT_adult","Grid cell",0.186714513873601,"adult","Abundance"
"BLENOCE_juvenile","Grid cell",0.267213076834348,"juvenile","Abundance"
"CAPOAPE_juvenile","Grid cell",0.341078723754384,"juvenile","Abundance"
"CAPOAPE_adult","Grid cell",0.392299165474876,"adult","Abundance"
"CEPOMAC_adult","Grid cell",0.297534135761254,"adult","Abundance"
"CONGCON_adult","Grid cell",0.188298906791923,"adult","Abundance"
"GOBIQUA_adult","Grid cell",0.142412937309242,"adult","Abundance"
"LEPTCAV_juvenile","Grid cell",0.465124001937355,"juvenile","Abundance"
"LEPTCAV_adult","Grid cell",0.445671901451143,"adult","Abundance"
"SERAHEP_juvenile","Grid cell",0.29983685148161,"juvenile","Abundance"
"SERAHEP_adult","Grid cell",0.312223995447658,"adult","Abundance"
"TRAHDRA_adult","Grid cell",0.474127457982538,"adult","Abundance"
"URANSCA_adult","Grid cell",0.390600825221264,"adult","Abundance"
"ARNORUP_adult","Grid cell",0.122925910682751,"adult","Abundance"
"ARNOTHO_juvenile","Grid cell",0.0713983439976853,"juvenile","Abundance"
"GADIARG_adult","Grid cell",0.254028970669029,"adult","Abundance"
"LEPICAU_adult","Grid cell",0.233474281363866,"adult","Abundance"
"MACOSCO_adult","Grid cell",0.138075668299183,"adult","Abundance"
"SERACAB_juvenile","Grid cell",0.138232180880188,"juvenile","Abundance"
"SERACAB_adult","Grid cell",0.207294068850222,"adult","Abundance"
"SCORNOT_adult","Grid cell",0.315448235686827,"adult","Abundance"
"ARGRHEM_adult","Grid cell",0.0457913366888132,"adult","Abundance"
"LAMACRO_juvenile","Grid cell",0.34198654004597,"juvenile","Abundance"
"LAMACRO_adult","Grid cell",0.326733050174905,"adult","Abundance"
"NEZUAEQ_juvenile","Grid cell",0.37429605172137,"juvenile","Abundance"
"COELCOE_juvenile","Grid cell",0.245650555959855,"juvenile","Abundance"
"HYMEITA_adult","Grid cell",0.0673254908890219,"adult","Abundance"
"CALMPHA_juvenile","Grid cell",0.515503908529579,"juvenile","Abundance"
"CALMPHA_adult","Grid cell",0.641353110061661,"adult","Abundance"
"RAJAAST_adult","Grid cell",0.277714785959887,"adult","Abundance"
"TRIGLYR_juvenile","Grid cell",0.193455966907165,"juvenile","Abundance"
"SCORSCO_adult","Grid cell",0.256717902328109,"adult","Abundance"
"RAJAMIR_juvenile","Grid cell",0.469316092743519,"juvenile","Abundance"
"RAJAPOL_juvenile","Grid cell",0.236365154161506,"juvenile","Abundance"
"RAJAPOL_adult","Grid cell",0.0502902184056812,"adult","Abundance"
"EUTRGUR_juvenile","Grid cell",0.609740296608,"juvenile","Abundance"
"EUTRGUR_adult","Grid cell",0.618768062394146,"adult","Abundance"
"SQUABLA_juvenile","Grid cell",0.433923681979868,"juvenile","Abundance"
"SQUABLA_adult","Grid cell",0.349163963378452,"adult","Abundance"
"RAJABRA_juvenile","Grid cell",0.151000254990872,"juvenile","Abundance"
"SPRASPR_adult","Grid cell",0.131139690868181,"adult","Abundance"
"DIAPMET_adult","Grid cell",0.426488074835425,"adult","Abundance"
"GONODEN_adult","Grid cell",0.302223869581365,"adult","Abundance"
